Name,City,State,ROR,Major,Minor/Concentration,Program Link,Faculty Link,Schedule Link
Albion College,Albion,MI,05nnk3913,1.0,1.0,https://www.albion.edu/academics/programs/computer-science-major-minor/,https://www.albion.edu/departments/mathematics-and-computer-science/faculty-and-staff/,https://adminpagesprod02.albion.edu:7443/StudentRegistrationSsb/ssb/term/termSelection?mode=search
Albright College,Reading,PA,029eaeb35,1.0,0.0,https://www.albright.edu/academics/undergraduate-programs/computer-science,https://www.albright.edu/academics/undergraduate-programs/computer-science#fs-panel-10027,https://selfservice.albright.edu/SELFSERV/Search/Section?&eventId=CSC
Allegheny College,Meadville,PA,02jgzjj54,1.0,1.0,https://allegheny.edu/academics/programs/computer-science/,https://allegheny.edu/about/campus-department-resources/faculty-and-staff-directory/associated-program/computer-science/,https://selfservice.allegheny.edu/Student/Courses/Search?subjects=CMPSC
Amherst College,Amherst,MA,028vqfs63,1.0,0.0,https://www.amherst.edu/academiclife/departments/computer_science,https://www.amherst.edu/academiclife/departments/computer_science/faculty,https://www.amherst.edu/academiclife/departments/computer_science/courses/2526S
Augustana College,Rock Island,IL,04bqrfs31,1.0,1.0,https://www.augustana.edu/academics/areas-of-study/computer-science,https://www.augustana.edu/academics/faculty-directory?search=&field_specializations_target_id=All&field_areas_of_study_target_id=231,https://selfservice.augustana.edu/Student/Courses/Search?subjects=CSC
Austin College,Sherman,TX,052k56z27,1.0,1.0,https://www.austincollege.edu/academics/majors-and-minors/computer-science/,https://www.austincollege.edu/academics/majors-and-minors/computer-science/,https://hopper.austincollege.edu/hlive/webhopper?CONSTITUENCY=WBAP&type=P&pid=ST-XWEBS006
Ave Maria University,Ave Maria,FL,00xwqff48,1.0,1.0,https://www.avemaria.edu/degree-programs/computer-science,https://www.avemaria.edu/degree-programs/computer-science,https://selfservice.avemaria.edu/Search/Section?&keywords=computer%20science
Bard College,Annandale on Hudson,NY,04yrgt058,1.0,0.0,https://cs.bard.edu/,https://cs.bard.edu/faculty/,https://inside.bard.edu/academic/courses/current/computer.html
Barnard College,New York,NY,04rt94r53,1.0,1.0,https://cs.barnard.edu/,https://cs.barnard.edu/faculty-and-staff-3,https://cs.barnard.edu/course-catalogue
Beloit College,Beloi,WI,009yr1d55,1.0,1.0,https://www.beloit.edu/academics/computer-science/,https://www.beloit.edu/academics/computer-science/faculty-staff/,https://my.beloit.edu/ICS/Course_Search/Default_Page.jnz?portlet=Course_Schedules&screen=Advanced+Course+Search&screenType=next
Bennington College,Bennington,VT,01pq38j30,1.0,0.0,https://www.bennington.edu/academics/areas-of-study-curriculum/science-mathematics/computer-science,https://www.bennington.edu/academics/areas-of-study-curriculum/science-mathematics/computer-science,https://www.bennington.edu/curriculum
Berea College,Berea,KY,05kmcre68,1.0,1.0,https://www.berea.edu/academics/departments-programs/computer-science,https://www.berea.edu/academics/departments-programs/computer-science/faculty-staff,https://b9student-prod.berea.edu:8444/StudentRegistrationSsb/ssb/term/termSelection?mode=search
Bethany College (WV),Bethany,WV,04a6tv155,1.0,1.0,https://www.bethanywv.edu/academics/areas-of-study/computer-science/,https://www.bethanywv.edu/academics/areas-of-study/computer-science/,
Bethany Lutheran College,Mankato,MN,03z2kds18,1.0,1.0,https://blc.edu/academics/programs/computer-science-major/,https://blc.edu/academics/programs/computer-science-major/#faculty,https://my.blc.edu/ICS/Portal_Homepage.jnz?portlet=Course_Info_and_Syllabi
Bowdoin College,Brunswick,ME,03gh96r95,1.0,1.0,https://www.bowdoin.edu/computer-science/,https://www.bowdoin.edu/computer-science/faculty-and-staff/index.html,https://www.bowdoin.edu/registrar/course-information/index.html
Bridgewater College,Bridgewater,VA,016119s16,1.0,1.0,https://www.bridgewater.edu/academics/divisions/mathematics-computer-science/computer-science-major/,https://www.bridgewater.edu/academics/faculty/#filter=.math-computer-science,https://www.bridgewater.edu/life-at-bridgewater/services-for-students/registrar/
Bryn Athyn College,Bryn Athyn,PA,01befse58,1.0,0.0,https://brynathyn.edu/academics/undergraduate/department/computer-science-id.html,https://brynathyn.edu/faculty/index.html,https://brynathyn.jenzabarcloud.com/GENSRsC.cfm
Bryn Mawr College,Bryn Mawr,PA,05sjwtp51,1.0,1.0,https://www.brynmawr.edu/inside/academic-information/departments-programs/computer-science,https://www.brynmawr.edu/inside/academic-information/departments-programs/computer-science/faculty-staff,https://www.brynmawr.edu/inside/academic-information/registrar/tri-co-course-search/results?semester%5B0%5D=spring_2026&department%5B0%5D=Computer+Science&college%5B0%5D=bryn_mawr&page=1&per_page=50
Bucknell University,Lewisburg,PA,00fc1qt65,1.0,1.0,https://www.bucknell.edu/academics/college-engineering/majors-departments/computer-science,https://www.bucknell.edu/academics/college-engineering/majors-departments/computer-science/faculty-staff,https://pubapps.bucknell.edu/CourseInformation/#/lookup
Carleton College,Northfield,MN,03jep7677,1.0,0.0,https://www.carleton.edu/computer-science/,https://www.carleton.edu/computer-science/faculty/,https://www.carleton.edu/catalog/current/search/?subject=CS
Central College,Pella,IA,059y9v737,1.0,1.0,https://departments.central.edu/cs/,https://departments.central.edu/cs/department-directory/,https://web.central.edu/registrar/searchcourse/
Centre College,Danville,KY,00yvyvt82,1.0,1.0,https://www.centre.edu/academics/majors-minors-programs/computer-science,https://www.centre.edu/about/faculty-staff?type=96&offices=All&programs=1011,https://centrenet.centre.edu/ICS/icsfs/mm/fa23.pdf?target=32825768-f507-4b50-b04f-ff27355c0a96
Claflin University,Orangeburg,SC,052rx6v10,1.0,1.0,https://www.claflin.edu/academics-research/schools-departments/school-of-natural-sciences-and-mathematics/department-of-mathematics-computer-science/computer-science,https://www.claflin.edu/academics-research/schools-departments/school-of-natural-sciences-and-mathematics/meet-our-faculty,https://my.claflin.edu/ics/Portal_Homepage.jnz?portlet=Course_Schedules&screen=Advanced+Course+Search&screenType=next
Claremont McKenna College,Claremont,CA,04n1me355,1.0,1.0,https://www.cmc.edu/math/cs,https://www.cmc.edu/academic/faculty?field_department_target_id=746&combine=,https://hyperschedule.io/
Coe College,Cedar Rapids,IA,03chkg278,1.0,0.0,https://www.coe.edu/academics/majors-areas-study/mathematics-computer-science,https://www.coe.edu/academics/majors-areas-study/mathematics-computer-science/faculty,https://www.coe.edu/application/files/4616/7769/1498/Fall_23_course_schedule_accessible.3.1.23.pdf
Colby College,Waterville,ME,00fvyjk73,1.0,1.0,https://cs.colby.edu/,https://cs.colby.edu/faculty.php,https://cs.colby.edu/courses.php
Colgate University,Colgate,NY,05d23ve83,1.0,1.0,https://www.colgate.edu/academics/departments-programs/department-computer-science,https://www.colgate.edu/academics/departments-programs/department-computer-science/faculty-and-staff-computer-science,
College of St Benedict,St. Joseph,MN,00watgv28,1.0,1.0,https://www.csbsju.edu/computer-science,https://www.csbsju.edu/computer-science/faculty,https://registration.csbsju.edu/StudentRegistrationSsb/ssb/term/termSelection?mode=search
College of the Holy Cross,Worcester,MA,05dwp6855,1.0,1.0,https://www.holycross.edu/academics/programs/mathematics-and-computer-science/about#CS,https://www.holycross.edu/academics/faculty/directory?keyword=&department=Mathematics+%26+Computer+Science&program=Computer+Science&type=Faculty,https://www.holycross.edu/about-holy-cross/offices-services/registrar/schedule-of-classes/
College of Wooster,Wooster,OH,029zqs055,1.0,1.0,https://wooster.edu/area/computer-science/,https://wooster.edu/area/computer-science/,https://inside.wooster.edu/registrar/courses/
Colorado College,Colorado Springs,CO,03tg3h819,1.0,0.0,https://www.coloradocollege.edu/academics/dept/mathcs/,https://www.coloradocollege.edu/academics/dept/mathcs/people/faculty.html,https://www.coloradocollege.edu/academics/curriculum/catalog/schedule.html
Concordia College,Moorhead,MN,00ppb2x90,1.0,1.0,https://www.concordiacollege.edu/academics/programs-of-study/offutt-school-of-business/computer-science/,https://www.concordiacollege.edu/academics/programs-of-study/offutt-school-of-business/computer-science/computer-science-faculty/,https://banner.cord.edu/StudentRegistrationSsb/ssb/term/termSelection?mode=search
Connecticut College,New London,CT,01hpqfm28,1.0,1.0,https://www.conncoll.edu/academics/majors-departments-programs/departments/computer-science/,https://www.conncoll.edu/academics/majors-departments-programs/departments/computer-science/faculty--staff/,https://reg-prod.ec.conncoll.edu/StudentRegistrationSsb/ssb/term/termSelection?mode=search
Cornell College,Mount Vernon,IA,01wvxpc32,1.0,1.0,https://www.cornellcollege.edu/computer-science/,https://www.cornellcollege.edu/computer-science/faculty.shtml,
Covenant College,Lookout Mountain,GA,03xg8pv73,1.0,1.0,https://covenant.edu/academics/cs/index.html,https://covenant.edu/academics/cs/faculty/,https://covenant.edu/academics/records/class-schedules.html
Davidson College,Davidson,NC,02f7k4z58,1.0,1.0,https://www.davidson.edu/academic-departments/mathematics-and-computer-science/computer-science-major-and-minor,https://www.davidson.edu/academic-departments/mathematics-and-computer-science/faculty-staff,https://course-schedule.davidson.edu/#/schedule?departments=CSC&limit=100&offset=0&term_code=202502
Denison University,Granville,OH,05pqx1c24,1.0,0.0,https://denison.edu/academics/computer-science,https://denison.edu/academics/computer-science/contacts,https://banner.denison.edu/StudentRegistrationSsb/ssb/term/termSelection?mode=search
DePauw University,Greencastle,IN,02mks6v46,1.0,1.0,https://www.depauw.edu/academics/departments-programs/computer-science/,https://www.depauw.edu/academics/departments-programs/computer-science/faculty-staff/,https://my.depauw.edu/e/reg/soc-view/index.asp
Dickinson College,Carlisle,PA,02ydh7m84,1.0,1.0,https://www.dickinson.edu/homepage/57/computer_science,https://www.dickinson.edu/homepage/529/computer_science_department_faculty,https://bannercprod.dickinson.edu/StudentRegistrationSsb/ssb/term/termSelection?mode=search
Dillard University,New Orleans,LA,00bz6qm80,1.0,1.0,https://www.dillard.edu/programs/computer-science/,https://dillard.catalog.acalog.com/content.php?catoid=7&navoid=186,https://mydu.dillard.edu/ICS/Guest/DU_Guest_Page.jnz?portlet=Course_Schedules&screen=Advanced+Course+Search&screenType=next
Drew University,Madison,NJ,04gds4h28,1.0,1.0,https://drew.edu/math-computer-science-department/,https://drew.edu/academics/mathematics/mathematics-computer-science-faculty/,https://selfservice.drew.edu/prod/bwckctlg.p_disp_dyn_ctlg
Earlham College,Richmond,IN,0566sj483,1.0,1.0,https://earlham.edu/academics/majors-minors-programs/computer-science/,https://earlham.edu/faculty-staff/?department=computer-science&full_name=,https://ssb.earlham.edu/frog/bwckschd.p_disp_dyn_sched
East-West University,Chicago,IL,01597w461,1.0,0.0,https://www.eastwest.edu/academic-programs/computer-information-science,https://www.eastwest.edu/computer-information-science/faculty/,
Eckerd College,St. Petersburg,FL,04d4qrf43,1.0,1.0,https://www.eckerd.edu/computer-science/why-computer-science-at-eckerd/,https://www.eckerd.edu/computer-science/faculty/,https://regssb-prod.ban.eckerd.edu/StudentRegistrationSsb/ssb/term/termSelection?mode=search
Emmanuel College,Boston,MA,02rdhhs90,1.0,0.0,https://www.emmanuel.edu/academics/academic-study/schools/school-business-management/undergraduate-programs/business/computer-science,https://www.emmanuel.edu/academics/emmanuel-directory?field__area_of_interest_depart_target_id=250&field_people_type_target_id=159&field_schools_target_id=All&title=&page=0,https://ecss.emmanuel.edu/Student/Courses/Search?subjects=COMP
Fisk University,Nashville,TN,01bbs6821,1.0,1.0,https://www.fisk.edu/academics/nsm/department-of-mathematics-and-computer-science/computer-science/,https://fisk.smartcatalogiq.com/bulletin/undergraduate/directory/faculty/,https://www.fisk.edu/wp-content/uploads/2023/03/FALL-2023-COURSE-OFFERINGS.pdf
Franklin College,Franklin,IN,05w35s747,1.0,1.0,https://franklincollege.edu/academics/majors/computing/,https://franklincollege.edu/academics/what-to-study/computing/#section9,https://selfservice.franklin.edu/Student/Courses/Search?subjects=COMP
Franklin & Marshall College,Lancaster,PA,04fp4ps48,1.0,1.0,https://www.fandm.edu/fields-of-study/computer-science/index.html,https://www.fandm.edu/directory/index.html?search_phrase=computer+science,https://www.fandm.edu/registrar/index.html
Furman University,Greenville,SC,04ytb9n23,1.0,1.0,https://www.furman.edu/academics/computer-science/,https://www.furman.edu/academics/computer-science/faculty/,
Gettysburg College,Gettysburg,PA,045e26x92,1.0,1.0,https://www.gettysburg.edu/academic-programs/computer-science/,https://www.gettysburg.edu/academic-programs/computer-science/faculty/,https://psinfo1.gettysburg.edu/psc/SA8PROD/EMPLOYEE/HRMS/c/GBC_STUDENT_RECORDS.GBC_GUEST_CLS_SRCH.GBL
Gordon College,Wenham,MA,0364wpq06,1.0,1.0,https://www.gordon.edu/academics/computerscience,https://www.math-cs.gordon.edu/faculty.html,https://www.gordon.edu/course_schedules
Goucher College,Baltimore,MD,055ag3e81,1.0,1.0,https://www.goucher.edu/learn/undergraduate-programs/computer-science/,https://www.goucher.edu/learn/undergraduate-programs/computer-science/,https://hercules.goucher.edu/SelfService/Search/Section?&department=CS
Grinnell College,Grinnell,IA,04tmmky42,1.0,0.0,https://www.grinnell.edu/academics/majors-concentrations/computer-science,https://www.grinnell.edu/profiles/computer-science/faculty,https://colss-prod.ec.grinnell.edu/Student/Courses/Search?subjects=CSC
Gustavus Adolphus College,St. Peter,MN,007q4yk54,1.0,1.0,https://gustavus.edu/academics/undergraduate/computer-science/,https://gustavus.edu/academics/departments/mathematics-computer-science-and-statistics/faculty/,https://colselfsrvprod.gac.edu/Student/Courses/Search?subjects=MCS
Hamilton College,Clinton,NY,05709zb94,1.0,1.0,https://www.hamilton.edu/academics/departments/Computer-Science,https://www.hamilton.edu/academics/departments/Faculty?dept=Computer%20Science,
Hampden-Sydney College,Hampden-Sydney,VA,02mb9s657,1.0,1.0,https://www.hsc.edu/academics/mathematics-and-computer-science,https://www.hsc.edu/academics/mathematics-and-computer-science/math-and-cs-professors,https://tigerweb.hsc.edu/ICS/Course_Search.jnz?portlet=AddDrop_Courses_2014-08-05T12-46-04-281&screen=Advanced+Course+Search&screenType=next
Hanover College,Hanover,IN,00vc14296,1.0,1.0,https://www.hanover.edu/academics/programs/cs/,https://www.hanover.edu/academics/programs/cs/#faculty,https://my.hanover.edu/ICS/Resources/Class__Faculty_Schedules/
Hartwick College,Oneonta,NY,0288qta63,1.0,1.0,https://www.hartwick.edu/academics/academic-departments/computer-and-information-sciences-department/,https://www.hartwick.edu/academics/computer-science,https://selfservice.hartwick.edu/Student/Courses/Search?subjects=CISC
Harvey Mudd College,Claremont,CA,025ecfn45,1.0,1.0,https://www.hmc.edu/cs/,https://www.hmc.edu/cs/faculty-staff/,https://hyperschedule.io/
Haverford College,Haverford,PA,04fnrxr62,1.0,1.0,https://www.haverford.edu/academics/computer-science-major-minor-and-concentration,https://www.haverford.edu/computer-science/faculty-staff,https://www.haverford.edu/academics/results?semester%5B0%5D=spring_2026&department%5B0%5D=Computer%20Science&college%5B0%5D=haverford&page=1&per_page=200
Hendrix College,Conway,AR,00yghrj63,1.0,1.0,https://www.hendrix.edu/mathcs/computerscience/,https://www.hendrix.edu/mathcs/faculty/,https://campusweb.hendrix.edu/ICS/Academics/Course_Search.jnz?portlet=Course_Schedules&screen=Advanced+Course+Search&screenType=next
Hobart and William Smith College,Geneva,NY,004majf41,1.0,1.0,https://www.hws.edu/academics/computer-science/default.aspx,https://www.hws.edu/academics/computer-science/faculty-directory.aspx,https://www.hws.edu/images/offices/registrar/docs/FallSchedule.pdf
"Holy Cross College at Notre Dame, Indiana",Notre Dame,IN,0574bwf68,1.0,1.0,https://www.hcc-nd.edu/computer-science/,https://www.hcc-nd.edu/departments/#1699641558100-44c45a6b-33c4,https://www.sis.hcc-nd.edu/fusebox.cfm?fuseaction=CourseCatalog&rpt=1
Hope College,Holland,MI,03chnr738,1.0,1.0,https://hope.edu/academics/computer-science/,https://hope.edu/academics/computer-science/faculty-staff.html,https://schedule.hope.edu/?term=202601&subj=CSCI
Houghton University,Houghton,NY,04vjs1b18,1.0,0.0,https://www.houghton.edu/math-science/computer-science-major/,https://www.houghton.edu/math-science/,https://www.houghton.edu/current-students/registrar/houghton-ny-undergraduate-students/course-offerings/
Illinois College,Jacksonville,IL,02ys5x139,1.0,1.0,https://www.ic.edu/computer-science,https://www.ic.edu/computer-science/directory,https://connect2.ic.edu/ICS/default.aspx?portlet=Course_Schedules&screen=Advanced+Course+Search&screenType=next
Johnson C. Smith University,Charlotte,NC,00s3z8519,1.0,0.0,https://www.jcsu.edu/academics/undergraduate-program/computer-scienceinformation-systems,,https://my.jcsu.edu/ICS/Students/Student_Resources/Default_Page.jnz?portlet=AddDrop_Courses&screen=Advanced+Course+Search&screenType=next
Juniata College,Huntingdon,PA,01ayg2409,1.0,0.0,https://www.juniata.edu/academics/computer-science/,https://www.juniata.edu/academics/computer-science/computer-science-faculty.php,https://selfservice.juniata.edu/Student/Courses/Search?subjects=CS
Kalamazoo College,Kalamazoo,MI,001qst305,1.0,1.0,https://computerscience.kzoo.edu/,https://computerscience.kzoo.edu/facultystaff/,https://hornethq.kzoo.edu/Student/Courses/Search?subjects=COMP
Knox College,Galesburg,IL,04hfkdb50,1.0,1.0,https://www.knox.edu/academics/majors-and-minors/computer-science,https://www.knox.edu/academics/majors-and-minors/computer-science/faculty,https://www.knox.edu/documents/Registrar/CourseSchedules/coursescheduleSP25.pdf
Lafayette College,Easton,PA,036n0x007,1.0,1.0,https://compsci.lafayette.edu/,https://compsci.lafayette.edu/faculty/,https://selfservice.lafayette.edu/StudentRegistrationSsb/ssb/term/termSelection?mode=search
Lake Forest College,Lake Forest,IL,04rmtzr09,1.0,1.0,https://www.lakeforest.edu/academics/majors-and-minors/mathematics-and-computer-science,https://www.lakeforest.edu/academics/majors-and-minors/mathematics-and-computer-science/faculty,
Lane College,Jackson,TN,00e7vgg86,1.0,1.0,https://www.lanecollege.edu/academics/departments/natural-and-physical-science/computer-science,https://www.lanecollege.edu/directory,
Lawrence University,Appleton,WI,005w9jb47,1.0,1.0,https://www.lawrence.edu/academics/college/computer-science,https://www.lawrence.edu/academics/college/computer-science/faculty,https://bannerweb.lawrence.edu/prod-StudentRegistrationSsb/ssb/term/termSelection?mode=search
Lewis & Clark College,Portland,OR,013pz1582,1.0,1.0,https://college.lclark.edu/departments/mathematical_sciences/computer-science/,https://college.lclark.edu/departments/mathematical_sciences/faculty/,
Linfield University,McMinnville,OR,0228k1a18,1.0,1.0,https://www.linfield.edu/programs/computer-science/index.html,https://www.linfield.edu/math/faculty.html,https://selfservice.linfield.edu/Student/Courses/Search?subjects=COMP
Luther College,Decorah,IA,03dqcb840,1.0,1.0,https://www.luther.edu/academics/computer-science,https://www.luther.edu/academics/computer-science/faculty-staff,https://norsehub.luther.edu/Student/Courses/Search?subjects=CS
Lycoming College,Williamsport,PA,01rsgws32,1.0,1.0,https://www.lycoming.edu/computer-science/,https://www.lycoming.edu/computer-science/faculty.aspx,https://collslfsrv-live.lycoming.edu/Student/Courses/Search?subjects=CPTR
Lyon College,Batesville,AR,03c4kec23,1.0,1.0,https://www.lyon.edu/computer-science,https://www.lyon.edu/math-science-faculty,https://my.lyon.edu/ICS/default.aspx?portlet=AddDrop_Courses&screen=Advanced+Course+Search&screenType=next
Macalester College,St. Paul,MN,04fceqm38,1.0,1.0,https://www.macalester.edu/mscs/,https://www.macalester.edu/mscs/facultystaff/,https://www.macalester.edu/mscs/schedules/computer_science/
Maryville College,Maryville,TN,04e602778,1.0,1.0,https://www.maryvillecollege.edu/academics/programs-of-study/computer-science/,https://www.maryvillecollege.edu/academics/programs-of-study/computer-science/,https://www.maryvillecollege.edu/academics/registrar/course-schedules/
Medgar Evers College--CUNY,Brooklyn,NY,03we2aj97,1.0,1.0,https://www.mec.cuny.edu/academic-affairs/physics-and-computer-science/,https://mec.catalog.cuny.edu/departments/PCS-MEC/faculty,
Meredith College,Raleigh,NC,02g0yj703,1.0,1.0,https://www.meredith.edu/computer-science/,https://www.meredith.edu/computer-science/computer-science-faculty-staff/,https://mcis.meredith.edu/Student/Courses/Search?subjects=CS
Middlebury College,Middlebury,VT,0217hb928,1.0,1.0,https://www.middlebury.edu/college/academics/computer-science,https://www.middlebury.edu/college/academics/computer-science/faculty-and-staff,https://catalog.middlebury.edu/offerings/search/catalog-MCUG
Monmouth College,Monmouth,IL,03rbn9086,1.0,1.0,https://www.monmouthcollege.edu/academics/computer-science/,https://www.monmouthcollege.edu/academics/computer-science/faculty/,
Morehouse College,Atlanta,GA,02y9g2b52,1.0,0.0,https://morehouse.edu/academics/majors/computer-science/,https://morehouse.edu/academics/majors/computer-science/,https://ssb-prod.ec.morehouse.edu/MC/bwckschd.p_disp_dyn_sched
Mount Holyoke College,South Hadley,MA,031z8pr38,1.0,1.0,https://www.mtholyoke.edu/academics/find-your-program/computer-science,https://www.mtholyoke.edu/directory/faculty-staff?type=5&department=199,https://wadv1.mtholyoke.edu/wadvg/mhc?TYPE=P&PID=ST-XWSTS12A
Muhlenberg College,Allentown,PA,03cqsth74,1.0,1.0,https://www.muhlenberg.edu/academics/mathcs/computerscience/,https://www.muhlenberg.edu/academics/mathcs/computerscience/,https://www.muhlenberg.edu/courseofferings/index.php
New College of Florida,Sarasota,FL,01cbya385,1.0,0.0,https://www.ncf.edu/programs/computer-science/,https://catalog.ncf.edu/undergraduate/natural-sciences/computer-science/#facultytext,https://newcleis.ncf.edu/pls/ncpo/bwckschd.p_disp_dyn_sched
Oakwood University,Huntsville,AL,05s74hd65,1.0,1.0,https://oakwood.edu/academic-experience/school-of-arts-sciences/math-computer-sciences/,https://oakwood.edu/academic-experience/school-of-arts-sciences/math-computer-sciences/,
Oberlin College,Oberlin,OH,05ac26z88,1.0,1.0,https://www.oberlin.edu/arts-and-sciences/departments/computer-science,https://www.oberlin.edu/arts-and-sciences/departments/computer-science/faculty-list,https://banner.cc.oberlin.edu/StudentRegistrationSsb/ssb/term/termSelection?mode=search
Occidental College,Los Angeles,CA,01mxmpy39,1.0,1.0,https://www.oxy.edu/academics/areas-study/computer-science,https://www.oxy.edu/academics/areas-study/computer-science/faculty,https://counts.oxy.edu/public/default.aspx
Ohio Wesleyan University,Delaware,OH,02qj9qr34,1.0,1.0,https://www.owu.edu/academics/departments-programs/department-of-mathematics-and-computer-science/computer-science-general-major/,https://www.owu.edu/academics/departments-programs/department-of-mathematics-and-computer-science/faculty-staff/,https://campus.owu.edu/selfserv/Search/Section?&eventId=CS&department=MATH
Ouachita Baptist University,Arkadelphia,AR,044r07286,1.0,0.0,https://obu.edu/mathcs/index.php,https://obu.edu/mathcs/faculty.php,https://obu.edu/academics/courseschedule.php
Pomona College,Claremont,CA,0074grg94,1.0,1.0,https://www.pomona.edu/academics/departments/computer-science,https://www.pomona.edu/academics/departments/computer-science/faculty-staff,https://hyperschedule.io/
Presbyterian College,Clinton,SC,01s9sxm36,1.0,1.0,https://www.presby.edu/programs/computer-science/,https://www.presby.edu/programs/computer-science/,https://banners.presby.edu/prod/hzskschd.P_SelectSubject
Principia College,Elsah,IL,02venxm51,1.0,1.0,https://www.principiacollege.edu/academics/majors/computer-science,https://www.principiacollege.edu/academics/majors/computer-science,
Randolph College,Lynchburg,VA,02fag2f73,1.0,1.0,https://www.randolphcollege.edu/computer-science/,https://www.randolphcollege.edu/computer-science/,https://inside.randolphcollege.edu/Course_Offerings.aspx
Randolph-Macon College,Ashland,VA,03zstcc67,1.0,1.0,https://www.rmc.edu/academics/areas-of-study/computer-science/,https://www.rmc.edu/about-rmc/college-leadership/offices-departments/computer-science-department/,https://mymaconweb.rmc.edu/m/d/m/5c62616e-9463-484d-8fd8-180250661411/CourseSearch/SearchResults?termcode=2025;42&title=&code=&department=CSCI&faculty=&campus=&additional=&openseats=OpenFull&add=T
Reed College,Portland,OR,00a6ram87,1.0,1.0,https://www.reed.edu/computer-science/,https://www.reed.edu/computer-science/faculty.html,https://solar.reed.edu/class_schedule/
Rhodes College,Memphis,TN,049xfwy04,1.0,1.0,https://www.rhodes.edu/academics/majors-minors/computer-science,https://www.cs.rhodes.edu/people/faculty.html,
Roanoke College,Salem,VA,00jtk7j90,1.0,1.0,https://www.roanoke.edu/majors/computerscience,https://www.roanoke.edu/inside/math_cs_and_physics/computer_science/computer_science_faculty,https://selfservice.roanoke.edu/Student/Courses/Search?subjects=CPSC
Saint Anselm College,Manchester,NH,04eybkn52,1.0,1.0,https://www.anselm.edu/academics/departments-programs/computer-science,https://www.anselm.edu/academics/departments-programs/computer-science/faculty-staff,
Saint Michael's College,Colchester,VT,03b353k89,1.0,1.0,https://www.smcvt.edu/academics/majors-minors-and-curriculum/computer-science/,https://www.smcvt.edu/academics/majors-minors-and-curriculum/computer-science/,https://selfservice.smcvt.edu/Student/Courses/Search?subjects=CS
Saint Vincent College,Latrobe,PA,00amjd520,1.0,1.0,https://cis.stvincent.edu/cis/index/index.php,https://cis.stvincent.edu/cis/DeptInfo/FacultyMenu.php,https://selfservice.stvincent.edu/Student/Courses/Search?subjects=CS
Sarah Lawrence College,Bronxville,NY,04sxj4848,1.0,0.0,https://www.sarahlawrence.edu/undergraduate/science-mathematics/computer-science/,https://www.sarahlawrence.edu/undergraduate/science-mathematics/computer-science/faculty.html,https://my.slc.edu/ICS/Academics/Course_Schedules/UG_Full_Year_Course_Schedule_New.jnz
Skidmore College,Saratoga Springs,NY,04nzrzs08,1.0,1.0,https://www.skidmore.edu/computer_science/index.php,https://www.skidmore.edu/computer-science/faculty/index.php,https://bannerxe.skidmore.edu/StudentRegistrationSsb/ssb/term/termSelection?mode=search
Smith College,Northampton,MA,0497crr92,1.0,1.0,https://www.smith.edu/academics/computer-science,https://www.smith.edu/academics/computer-science,https://www.smith.edu/academics/programs-courses/course-search
Southern Virginia University,Buena Vista,VA,03a7v0208,1.0,1.0,https://svu.edu/academics/majors-minors/computer-science/,https://svu.edu/academics/majors-minors/computer-science/,https://my.svu.edu/ics/Student_Stuff/
Southwestern University,Georgetown,TX,05gj63w50,1.0,1.0,https://www.southwestern.edu/computer-science/,https://www.southwestern.edu/computer-science/our-faculty/,https://selfservice.southwestern.edu/Student/Courses/Search?subjects=CSC54
Spelman College,Atlanta,GA,02fvaj957,1.0,1.0,https://www.spelman.edu/academics/majors-and-programs/computer-and-information-sciences,https://www.spelman.edu/academics/majors-and-programs/computer-and-information-sciences/faculty,https://ssb-prod.ec.spelman.edu/PROD/bwckschd.p_disp_dyn_sched
St. Lawrence University,Canton,NY,05pvqha70,1.0,1.0,https://www.stlawu.edu/academics/programs/computer-science,https://www.stlawu.edu/offices/math-computer-science-and-statistics/staff,https://www.stlawu.edu/offices/math-computer-science-and-statistics/current-courses-spring-2023
St. Mary's College of Maryland,St. Mary's City,MD,01y2d1w05,1.0,1.0,https://www.smcm.edu/mathcs/,https://inside.smcm.edu/directory/mathcs,https://portal.smcm.edu/CMCPortal/Common/CourseSchedule.aspx
St. Norbert College,De Pere,WI,01hw93t68,1.0,1.0,https://www.snc.edu/academics/natural-sciences/computer-science/,https://www.snc.edu/academics/natural-sciences/computer-science/,https://cwismgmt01.snc.edu:9420/CWIS8P/sncbwckschd.p_disp_dyn_sched
St. Olaf College,Northfield,MN,01q7w1f47,1.0,0.0,https://wp.stolaf.edu/cs/,https://wp.stolaf.edu/cs/faculty-staff/,https://sis.stolaf.edu/sis/public-aclasslab.cfm
Stonehill College,Easton,MA,023288525,1.0,1.0,https://www.stonehill.edu/programs/computer-science/,https://www.stonehill.edu/programs/computer-science/faculty/,https://xessb.stonehill.edu/StudentRegistrationSsb/ssb/term/termSelection?mode=search
Susquehanna University,Selinsgrove,PA,02nmnpn85,1.0,1.0,https://www.susqu.edu/academics/majors-and-minors/department-of-mathematics-and-computer-science/computer-science/,https://www.susqu.edu/academics/majors-and-minors/department-of-mathematics-and-computer-science/computer-science/,https://su-ss-live.susqu.edu/Student/Courses/Search?subjects=CSCI
Swarthmore College,Swarthmore,PA,012dg8a96,1.0,1.0,https://www.swarthmore.edu/computer-science,https://www.swarthmore.edu/computer-science/faculty-staff,https://studentregistration.swarthmore.edu/StudentRegistrationSsb/ssb/term/termSelection?mode=search
Tougaloo College,Tougaloo,MS,03feyt230,1.0,1.0,https://www.tougaloo.edu/academics/divisions/natural-science/mathematics-computer-science-department,https://www.tougaloo.edu/academics/divisions/natural-science/mathematics-computer-science-department/,https://theloo.tougaloo.edu/ICS/Academics/Academics_Homepage.jnz?portlet=AddDrop_Courses&screen=Advanced+Course+Search&screenType=next
Transylvania University,Lexington,KY,01h4hqc60,1.0,1.0,https://www.transy.edu/academics/program/computer-science/,https://www.transy.edu/academics/program/computer-science/computer-science-faculty/,https://selfserv.transy.edu/Student/Courses/Search?subjects=CS
Trinity College,Hartford,CT,03j3dbz94,1.0,1.0,https://www.trincoll.edu/cs/,https://www.trincoll.edu/cs/faculty-and-staff/,https://www.trincoll.edu/cs/course-schedule/
Trinity University,San Antonio,TX,00t8gz605,1.0,1.0,https://www.trinity.edu/academics/departments/computer-science,https://www.trinity.edu/academics/departments/computer-science/computer-science-bs#faculty,
Union College (NY),Schenectady,NY,058w5nk68,1.0,1.0,https://www.union.edu/computer-science,https://www.union.edu/faculty-staff/computer-science,https://selfservice.union.edu/Student/Courses/Search?subjects=CSC
University of Mary Washington,Fredericksburg,VA,03b48gv34,1.0,1.0,https://cas.umw.edu/computerscience/,https://cas.umw.edu/computerscience/computer-science-faculty/,https://reg-prod.ec.umw.edu/StudentRegistrationSsb/ssb/term/termSelection?mode=search
University of Minnesota Morris,Morris,MN,05vzqzh92,1.0,1.0,https://morris.umn.edu/academics/computer-science,https://morris.umn.edu/academics/computer-science,http://z.umn.edu/publicclasssearch
University of North Carolina Asheville,Asheville,NC,017c6at71,1.0,1.0,https://www.unca.edu/programs/computer-science/,https://go.unca.edu/cs/,https://www.unca.edu/schedules/
University of Puget Sound,Tacoma,WA,042drmv40,1.0,1.0,https://www.pugetsound.edu/academics/computer-science,https://www.pugetsound.edu/academics/computer-science/faculty,https://campus.pugetsound.edu/psc/PUBLIC/EMPLOYEE/CAMPPUB/c/COMMUNITY_ACCESS.CLASS_SEARCH.GBL
University of Richmond,Richmond,VA,03y71xh61,1.0,1.0,https://cs.richmond.edu/,https://cs.richmond.edu/faculty/index.html,https://richmond.app.box.com/s/76rltos9mgu9pjnte2u669ex0ff24ejq
The University of the South,Sewanee,TN,05r5k8873,1.0,1.0,https://new.sewanee.edu/programs-of-study/math-cs/,https://new.sewanee.edu/programs-of-study/math-cs/faculty-staff/,https://registrar.sewanee.edu/schedule/?term=easter&school=college-of-arts-sciences-2&subject=computer-science&track=
University of Virginia--Wise,Wise,VA,04hx5st34,1.0,1.0,https://www.uvawise.edu/academics/majors-minors/computer-science,https://www.uvawise.edu/academics/departments/mathematics-computer-science/mathematics-computer-science-faculty-staff,
Ursinus College,Collegeville,PA,02jqn4a25,1.0,1.0,https://www.ursinus.edu/academics/mathematics-computer-science-and-statistics/,https://www.ursinus.edu/academics/mathematics-computer-science-and-statistics/faculty-and-staff/,https://selfservice.ursinus.edu/Student/Courses/Search?subjects=CS
Vassar College,Poughkeepsie,NY,022x6qg61,1.0,0.0,https://www.vassar.edu/computerscience,https://www.vassar.edu/computerscience/faculty,https://aisapps.vassar.edu/cgi-bin/geninfo.cgi
Virginia Wesleyan University,Virginia Beach,VA,03ken7w58,1.0,1.0,https://www.vwu.edu/academics/majors/computer-science/,https://www.vwu.edu/academics/majors/computer-science/meet-the-faculty.php,https://webadvisor.vwu.edu/WebAdvisor/WebAdvisor
Wabash College,Crawfordsville,IN,00p11pk44,1.0,1.0,https://www.wabash.edu/academics/computer_science,https://www.wabash.edu/academics/computer_science/facstaff,https://www.wabash.edu/apps/registrar/course-sections?pages_id=1&dept=CSC&term=26/SP
Wartburg College,Waverly,IA,02exxw634,1.0,1.0,https://www.wartburg.edu/computer-science/,https://www.wartburg.edu/academics/mcsp-faculty/,https://my.wartburg.edu/ics/Academics/Academics_Homepage.jnz?portlet=Course_Search&screen=Advanced+Course+Search&screenType=next
Washington and Lee University,Lexington,VA,05r9xgf14,1.0,1.0,https://www.wlu.edu/computer-science-department,https://www.wlu.edu/computer-science-department/faculty-and-staff,https://managementtools4.wlu.edu/CourseOfferings/
Washington College,Chestertown,MD,02vk0qj37,1.0,1.0,https://www.washcoll.edu/academic_departments/math-and-computer-science/index.php,https://www.washcoll.edu/academics/departments/math-comp-sci/faculty.php,https://www.washcoll.edu/people_departments/offices/registrar/course-schedule.php
Washington & Jefferson College,Washington,PA,05k3dc376,1.0,0.0,https://www.washjeff.edu/programs/computing-and-information-studies-cis/,https://www.washjeff.edu/programs/computing-and-information-studies-cis/,https://jaysource.washjeff.edu/Student/Courses/Search?subjects=CIS
Wellesley College,Wellesley,MA,01srpnj69,1.0,1.0,https://www.wellesley.edu/cs,https://www.wellesley.edu/cs/faculty,https://www.wellesley.edu/cs/curriculum/current
Wesleyan University,Middletown,CT,05h7xva58,1.0,1.0,https://www.wesleyan.edu/mathcs/cs/index.html,https://www.wesleyan.edu/mathcs/cs/faculty.html,https://owaprod-pub.wesleyan.edu/reg/!wesmaps_page.html?stuid=&facid=NONE&crse_list=COMP&term=1259&offered=Y
Westminster College (PA),Fulton,MO,01j1cwt71,1.0,1.0,https://www.westminster.edu/academics/schools/physical-mathematical/math-cs/index.cfm,https://www.westminster.edu/academics/schools/physical-mathematical/math-cs/faculty.cfm,https://www.westminster.edu/academics/course-schedule.cfm?subject=CS
Westmont College,Santa Barbara,CA,00xhcz327,1.0,0.0,https://www.westmont.edu/computer-science,https://www.westmont.edu/faculty,https://waypoint.westmont.edu/Student/Courses/Search?subjects=CS
Wheaton College (IL),Wheaton,IL,0581k0452,1.0,1.0,https://www.wheaton.edu/academics/programs/computer-science/,https://www.wheaton.edu/academics/departments/mathematics-and-computer-science/computerscience/faculty/,https://www.wheaton.edu/media/registrar/schedule/2023-Fall-Registration-Packet_August042023.pdf
Wheaton College (MA),Norton,MA,055ja0v85,1.0,1.0,https://wheatoncollege.edu/academics/programs/computer-science/,https://departments.wheatoncollege.edu/faculty/,https://banprodselfservice.wheatonma.edu:7341/StudentRegistrationSsb/ssb/term/termSelection?mode=search
Whitman College,Walla Walla,WA,05axv8155,1.0,0.0,https://www.whitman.edu/academics/majors-and-minors/computer-science,https://www.whitman.edu/academics/majors-and-minors/computer-science/faculty-and-staff,https://selfservice.whitman.edu/Student/Courses/Search?subjects=CS
Willamette University,Salem,OR,04g9e0f44,1.0,1.0,https://willamette.edu/academics/college/computer-science/,https://willamette.edu/academics/computing/faculty,https://collslfsrv.willamette.edu/Student/Courses/Search?subjects=CS
Williams College,Williamstown,MA,04avkmd49,1.0,0.0,https://csci.williams.edu/,https://csci.williams.edu/people/faculty/,https://catalog.williams.edu/csci/list/?strm=9999&sbattr=&req_year=26&offered=A
Wittenberg University,Springfield,OH,04a23br85,1.0,1.0,https://www.wittenberg.edu/academics/computerscience/courses-requirements,https://www.wittenberg.edu/academics/computer-science/faculty-staff,https://selfservice.wittenberg.edu/Student/Courses/Search?subjects=COMP
Wofford College,Spartanburg,SC,04dzs7b08,1.0,1.0,https://www.wofford.edu/academics/majors-and-programs/computer-science,https://www.wofford.edu/academics/majors-and-programs/computer-science/faculty-and-staff,https://connect.wofford.edu/myWofford/registrar/courseSchedule.aspx
Massachusetts College of Liberal Arts,North Adams,MA,01ka28180,1.0,0.0,https://mcla.edu/academics/academic-departments/computer-science/,https://mcla.edu/academics/academic-departments/computer-science/,https://banweb.mcla.edu:8443/PRD8/bwzkcsch.P_DispSchedule?term=202560&levl=UD&display_opt=ALL
