name,title,college,google_scholar
April Grow,Lecturer,Albion College,https://scholar.google.com/citations?hl=en&user=kyenQWsAAAAJ
Christopher Grow,Visiting Instructor,Albion College,https://scholar.google.com/citations?user=Cf-ZlZAAAAAJ&hl=en
Darren E. Mason,Professor,Albion College,https://scholar.google.com/citations?user=FL8caiQAAAAJ&hl=en
David A. Reimann,Professor,Albion College,https://scholar.google.com/citations?user=XYboNJYAAAAJ&hl=en
Mark E. Bollman,Professor,Albion College,https://scholar.google.com/citations?user=mNGSj3cAAAAJ&hl=en
Mauricio Marengoni,Associate Professor,Albion College,https://scholar.google.com/citations?user=bP8LIv0AAAAJ&hl=en
Tim Clark,Associate Professor,Albion College,https://scholar.google.com/citations?user=xdEJxXMAAAAJ&hl=en
Yuming Zhang,Assistant Professor,Albion College,https://scholar.google.com/citations?user=kLq671IAAAAJ&hl=en
Dave Kaul,Assistant Professor,Albright College,https://scholar.google.com/citations?user=1TK3gisAAAAJ&hl=en
David Kopec,Professor,Albright College,https://scholar.google.com/citations?user=3-RU6LEAAAAJ&hl=en
Don Baldridge,Assistant Professor,Albright College,https://scholar.google.com/citations?hl=en&user=H6N7EI8AAAAJ
Douglas Luman,Assistant Professor,Allegheny College,https://scholar.google.com/citations?hl=en&user=niU2BBsAAAAJ
Gregory Kapfhammer,Associate Professor,Allegheny College,https://scholar.google.com/citations?user=g0eDPjYAAAAJ&hl=en
Janyl Jumadinova,Associate Professor,Allegheny College,https://scholar.google.com/citations?user=LUu7Xg8AAAAJ&hl=en
Oliver Bonham-Carter,Associate Professor,Allegheny College,https://scholar.google.com/citations?user=Ngz7oxoAAAAJ&hl=en
Andrew Wu,Assistant Professor,Amherst College,https://scholar.google.com/citations?hl=en&user=1RElnvEAAAAJ
John E. Rager,Professor,Amherst College,https://scholar.google.com/citations?user=mOGiwO8AAAAJ&hl=en
Kristy Gardner,Associate Professor,Amherst College,https://scholar.google.com/citations?user=mOGiwO8AAAAJ&hl=en
Lee Spector,Professor,Amherst College,https://scholar.google.com/citations?user=wtKLtLUAAAAJ&hl=en
Lillian C. Pentecost,Assistant Professor,Amherst College,https://scholar.google.com/citations?user=tgaj15QAAAAJ&hl=en
Matteo Riondato,Associate Professor,Amherst College,https://scholar.google.com/citations?user=5okzSN0AAAAJ&hl=en
Myroslav Kryven,Assistant Professor,Amherst College,https://scholar.google.com/citations?user=qPArpswAAAAJ&hl=de
Scott F. Kaplan,Professor,Amherst College,https://scholar.google.com/citations?hl=en&user=p4wtnusAAAAJ
Scott P. Alfeld,Associate Professor,Amherst College,https://scholar.google.com/citations?user=RuEG7UAAAAAJ&hl=en
Shira B. Wein,Assistant Professor,Amherst College,https://scholar.google.com/citations?user=z3GD9pEAAAAJ&hl=en
Sophia Yoo,Assistant Professor,Amherst College,https://scholar.google.com/citations?user=xZi48-gAAAAJ&hl=en
Andrew P. Sward,Associate Professor,Augustana College,https://scholar.google.com/citations?hl=en&user=i9Zp4AEAAAAJ
Brooke Randazzo,Assistant Professor,Augustana College,https://scholar.google.com/citations?user=GBoFskAAAAAJ&hl=en
Forrest J. Stonedahl,Associate Professor,Augustana College,https://scholar.google.com/citations?hl=en&user=yMh5IloAAAAJ
Nidhi Mourya,Visiting Instructor,Augustana College,https://scholar.google.com/citations?user=RrerBvkAAAAJ&hl=en
Robert Dickerson,Assistant Professor,Augustana College,https://scholar.google.com/citations?user=yf7A_SMAAAAJ
Stacey Rodman,Professor,Augustana College,https://scholar.google.com/citations?hl=en&user=tkDqciQAAAAJ
Zhengyi Li,Assistant Professor,Augustana College,https://scholar.google.com/citations?user=txKiQOEAAAAJ&hl=en
Aaron Block,Associate Professor,Austin College,https://scholar.google.com/citations?user=df8z7MQAAAAJ&hl=en
Michael Higgs,Professor,Austin College,https://scholar.google.com/citations?user=oAPdbtAAAAAJ&hl=en
Samuel Kroger,Assistant Professor,Austin College,https://scholar.google.com/citations?user=Jbo28DsAAAAJ&hl=en
Seema Aarella,Assistant Professor,Austin College,https://scholar.google.com/citations?user=ti5Tn38AAAAJ&hl=en
Annabel Rothschild,Assistant Professor,Bard College,https://scholar.google.com/citations?user=P2jdT5wAAAAJ&hl=en
Bob McGrail,Associate Professor,Bard College,https://scholar.google.com/citations?user=LvCltocAAAAJ&hl=en
Emma Benser,Assistant Professor,Bard College,https://scholar.google.com/citations?user=MuMljE0AAAAJ&hl=en
Jordan Ayala,Assistant Professor,Bard College,https://scholar.google.com/citations?hl=en&user=RCvrBmIAAAAJ
Kerri-Ann Norton,Associate Professor,Bard College,https://scholar.google.com/citations?user=EmEnDFwAAAAJ&hl=en
Sven Anderson,Associate Professor,Bard College,https://scholar.google.com/citations?user=HdltOqUAAAAJ&hl=en
Theresa Law,Assistant Professor,Bard College,https://scholar.google.com/citations?hl=en&user=fnaBpUoAAAAJ
Valerie Barr,Professor,Bard College,https://scholar.google.com/citations?user=PXnp3pMAAAAJ&hl=en
Ahmer Arif,Assistant Professor,Barnard College,https://scholar.google.com/citations?hl=en&user=AYah22UAAAAJ
Corey Toler-Franklin,Assistant Professor,Barnard College,https://scholar.google.com/citations?user=N8Gc_9gAAAAJ&hl=en
Eysa Lee,Assistant Professor,Barnard College,https://scholar.google.com/citations?user=NIgkvEUAAAAJ&hl=en
Lucy Simko,Assistant Professor,Barnard College,https://scholar.google.com/citations?user=pYzTlI0AAAAJ&hl=en
Mark Santolucito,Assistant Professor,Barnard College,https://scholar.google.com/citations?user=cGC93mIAAAAJ&hl=en
Rebecca Wright,Professor,Barnard College,https://scholar.google.com/citations?user=L-xeJPoAAAAJ&hl=en
Smaranda Muresan,Associate Professor,Barnard College,https://scholar.google.com/citations?hl=en&user=Esbx2VcAAAAJ
Tiffany Tseng,Assistant Professor,Barnard College,https://scholar.google.com/citations?user=n2VLT40AAAAJ&hl=en
Ben Stucky,Assistant Professor,Beloit College,https://scholar.google.com/citations?user=P8cGOVoAAAAJ&hl=en
Eyad Haj Said,Associate Professor,Beloit College,https://scholar.google.com/citations?user=iR3Y2ycAAAAJ&hl=en
Katherine Harris,Assistant Professor,Beloit College,https://scholar.google.com/citations?hl=en&user=m5lusK8AAAAJ
Sohaib Kiani,Assistant Professor,Beloit College,https://scholar.google.com/citations?user=fD2AEhsAAAAJ&hl=en
Tom Stojsavljevic,Assistant Professor,Beloit College,https://scholar.google.com/citations?user=HOc2ni4AAAAJ&hl=en
Darcy Otto,Faculty,Bennington College,
Deanna Wilborne,Assistant Professor,Berea College,https://scholar.google.com/citations?hl=en&user=dReoxDAAAAAJ
Jacqueline Boggs,Assistant Professor,Berea College,https://scholar.google.com/citations?hl=en&user=wE21ZdIAAAAJ
Jan Pearce,Professor,Berea College,https://scholar.google.com/citations?user=k6qAQ8MAAAAJ&hl=en
Jasmine Jones,Associate Professor,Berea College,https://scholar.google.com/citations?user=jY_5OMkAAAAJ&hl=en
Mario Nakazawa,Associate Professor,Berea College,https://scholar.google.com/citations?user=jY_5OMkAAAAJ&hl=en
Scott Heggen,Associate Professor,Berea College,https://scholar.google.com/citations?user=sHcSUfcAAAAJ&hl=en
Alex Mathew,Associate Professor,Bethany College (WV),https://scholar.google.com/citations?user=pm5u8o8AAAAJ&hl=en
Fujiko Nito,Professor,Bethany College (WV),https://scholar.google.com/citations?hl=en&user=6PMgeWcAAAAJ
Perry Lund,Adjunct Assistant Professor,Bethany Lutheran College,https://scholar.google.com/citations?user=IllkELIAAAAJ&hl=en
Bobak Kiani,Assistant Professor,Bowdoin College,https://scholar.google.com/citations?user=fz1mq4AAAAAJ&hl=en
Christopher Martin,Visiting Lecturer,Bowdoin College,https://scholar.google.com/citations?user=XMR20kIAAAAJ&hl=en
Cibele Matos Freire,Assistant Professor,Bowdoin College,https://scholar.google.com/citations?user=qyLFvWUAAAAJ&hl=en
David Byrd,Assistant Professor,Bowdoin College,https://scholar.google.com/citations?user=lF8h840AAAAJ&hl=en
Jeffrey Knockel,Assistant Professor,Bowdoin College,https://scholar.google.com/citations?user=Sn7mv9sAAAAJ&hl=en
Jeová Farias,Assistant Professor,Bowdoin College,https://scholar.google.com/citations?user=jpdvR1IAAAAJ&hl=en
Laura I. Toma,Professor,Bowdoin College,https://scholar.google.com/citations?user=PGE7W9sAAAAJ&hl=en
Sarah M. Harmon,Associate Professor,Bowdoin College,https://scholar.google.com/citations?hl=en&user=8cfEMEIAAAAJ
Sean K. Barker,Associate Professor,Bowdoin College,https://scholar.google.com/citations?user=nBDKcywAAAAJ&hl=en
Eric McGregor,Associate Professor,Bridgewater College,https://scholar.google.com/citations?user=IpBjTKQAAAAJ&hl=en
James D. Bowling,Associate Professor,Bridgewater College,
Verne E. Leininger,Associate Professor,Bridgewater College,https://scholar.google.com/citations?user=4XrLznQAAAAJ&hl=en
Vickie Denlinger,Instructor,Bridgewater College,
Elizabeth Hollister Rogers,Professor,Bryn Athyn College,https://scholar.google.com/citations?hl=en&user=r87Hh-oAAAAJ
Ellen McKee,Adjunct Professor,Bryn Athyn College,https://scholar.google.com/citations?user=J1xYepcAAAAJ&hl=en
Fredrik Bryntesson,Professor,Bryn Athyn College,https://scholar.google.com/citations?user=J1xYepcAAAAJ&hl=en
Neil Simonetti,Professor,Bryn Athyn College,https://scholar.google.com/citations?user=J1xYepcAAAAJ&hl=en
Ryan Pine,Assistant Professor,Bryn Athyn College,https://scholar.google.com/citations?hl=en&user=grQ_GBgAAAAJ
Stella Evans,Assistant Professor,Bryn Athyn College,https://scholar.google.com/citations?user=J1xYepcAAAAJ&hl=en
Thomas Frazier,Lecturer,Bryn Athyn College,https://scholar.google.com/citations?hl=en&user=_E0dMswAAAAJ
Adam Poliak,Assistant Professor,Bryn Mawr College,https://scholar.google.com/citations?user=emOpjxAAAAAJ&hl=en
Aline Normoyle,Assistant Professor,Bryn Mawr College,https://scholar.google.com/citations?user=tV65fdoAAAAJ&hl=en
Dianna Xu,Professor,Bryn Mawr College,https://scholar.google.com/citations?hl=en&user=_imuHO0AAAAJ
Elizabeth Dinella,Assistant Professor,Bryn Mawr College,https://scholar.google.com/citations?hl=en&user=r87Hh-oAAAAJ
Michael Wehar,Visiting Assistant Professor,Bryn Mawr College,https://scholar.google.com/citations?user=Fzn8GGgAAAAJ&hl=en
Ramesh Garimella,Visiting Professor,Bryn Mawr College,https://scholar.google.com/citations?hl=en&user=_imuHO0AAAAJ
Alan Marchiori,Associate Professor,Bucknell University,https://scholar.google.com/citations?user=8iTsYW8AAAAJ&hl=en
Alexander Fuchsberger,Associate Teaching Professor,Bucknell University,https://scholar.google.com/citations?user=_pK9CUAAAAAJ&hl=en
Anne Ross,Assistant Professor,Bucknell University,https://scholar.google.com/citations?user=Ld20zmgAAAAJ&hl=en
Brian King,Associate Professor,Bucknell University,https://scholar.google.com/citations?user=rm9T9sMAAAAJ&hl=en
Chris Mitsch,Visiting Assistant Professor,Bucknell University,https://scholar.google.com/citations?user=SbxAwqAAAAAJ&hl=en
Darakhshan Mir,Associate Professor,Bucknell University,https://scholar.google.com/citations?user=ZDmps1UAAAAJ&hl=en
Edward Talmage,Associate Professor,Bucknell University,https://scholar.google.com/citations?user=HLJWOWMAAAAJ&hl=en
Jessen Havill,Professor,Bucknell University,https://scholar.google.com/citations?user=3o5eIGkAAAAJ&hl=en
Joshua Stough,Associate Professor,Bucknell University,https://scholar.google.com/citations?user=JASM_10AAAAJ&hl=en
Lea Wittie,Associate Professor,Bucknell University,https://scholar.google.com/citations?user=xY3KfJkAAAAJ&hl=en
Lily Romano,Instructor,Bucknell University,https://scholar.google.com/citations?user=m4YvP_kAAAAJ&hl=en
Luiz Felipe Perrone,Professor,Bucknell University,https://scholar.google.com/citations?user=hs-MFm8AAAAJ&hl=en
Rajesh Kumar,Assistant Professor,Bucknell University,https://scholar.google.com/citations?user=5cX99iUAAAAJ&hl=en
Samuel Gutekunst,Assistant Professor,Bucknell University,https://scholar.google.com/citations?user=FoFd_yIAAAAJ&hl=en
SingChun Lee,Assistant Professor,Bucknell University,https://scholar.google.com/citations?user=2QeBdZUAAAAJ&hl=en
Todd Schmid,Assistant Professor,Bucknell University,https://scholar.google.com/citations?user=ExSTJcQAAAAJ&hl=en
Amy Csizmar Dalal,Professor,Carleton College,https://scholar.google.com/citations?user=Ip5J5OEAAAAJ&hl=en
Anna Meyer,Assistant Professor,Carleton College,https://scholar.google.com/citations?user=Xvh9KZ4AAAAJ&hl=en
Anna Rafferty,Professor,Carleton College,https://scholar.google.com/citations?user=6S0sCwgAAAAJ&hl=en
Anya Vostinar,Assistant Professor,Carleton College,https://scholar.google.com/citations?user=7ZwlPwsAAAAJ&hl=en
Chelsey Edge,Assistant Professor,Carleton College,https://scholar.google.com/citations?user=jRXbZO4AAAAJ&hl=en
David Liben-Nowell,Associate Professor,Carleton College,https://scholar.google.com/citations?user=NBwMS80AAAAJ&hl=en
David Musicant,Professor,Carleton College,https://scholar.google.com/citations?hl=en&user=LKmNj-IAAAAJ
Eric Alexander,Associate Professor,Carleton College,https://scholar.google.com/citations?user=VQVDpFsAAAAJ&hl=en
Jean Salac,Assistant Professor,Carleton College,https://scholar.google.com/citations?user=qRjuJKQAAAAJ&hl=en
Jeff Ondich,Professor,Carleton College,https://scholar.google.com/citations?user=fArDpEgAAAAJ&hl=en
Josh Davis,Senior Lecturer,Carleton College,https://scholar.google.com/citations?user=LKmNj-IAAAAJ&hl=en
Layla Oesper,Associate Professor,Carleton College,https://scholar.google.com/citations?user=rSiKy8AAAAAJ&hl=en
Sneha Narayan,Assistant Professor,Carleton College,https://scholar.google.com/citations?user=2q5akfwAAAAJ&hl=en
Tanya Amert,Assistant Professor,Carleton College,https://scholar.google.com/citations?user=5uJAovIAAAAJ&hl=en
Mark Johnson,Professor,Central College,https://scholar.google.com/citations?user=MAHp7jYAAAAJ&hl=en
Robert Franks,Professor,Central College,https://scholar.google.com/citations?user=ZTZzkagAAAAJ&hl=en
Stephen Fyfe,Professor,Central College,https://scholar.google.com/citations?user=_vT-5UYAAAAJ&hl=en
Dave Toth,Professor,Centre College,https://scholar.google.com/citations?user=p7l5YccAAAAJ&hl=en
Michael K. Bradshaw,Professor,Centre College,https://scholar.google.com/citations?user=8RABPNYAAAAJ&hl=en
Thomas E. Allen,Associate Professor,Centre College,https://scholar.google.com/citations?user=_psoN6kAAAAJ&hl=en
William Bailey,Assistant Professor,Centre College,https://scholar.google.com/citations?user=RBOnk7wAAAAJ&hl=en
Abdelrahman Desoky,Associate Professor,Claflin University,https://scholar.google.com/citations?user=9tP8jsUAAAAJ&hl=en
Karina Liles,Associate Professor,Claflin University,https://scholar.google.com/citations?user=pZvdQ9sAAAAJ&hl=en
Ms. Erika L. Rhett,Lecturer,Claflin University,
Pawar Shrikant,Assistant Professor,Claflin University,https://scholar.google.com/citations?user=SvcIPSsAAAAJ&hl=en
Chiu-Yen Kao,Professor,Claremont McKenna College,https://scholar.google.com/citations?user=KjP_fq4AAAAJ&hl=es
Michael Izbicki,Associate Professor,Claremont McKenna College,https://scholar.google.com/citations?user=5sJEA2MAAAAJ&hl=en
Raylen Witter,Assistant Professor,Claremont McKenna College,https://scholar.google.com/citations?user=Ykai3hIAAAAJ&hl=en
Sarah Cannon,Associate Professor,Claremont McKenna College,https://scholar.google.com/citations?user=B09U1boAAAAJ&hl=en
Calvin Van Niewaal,Professor,Coe College,https://scholar.google.com/citations?hl=en&user=OmWgrGIAAAAJ
Michael Stobb,Associate Professor,Coe College,https://scholar.google.com/citations?user=pAn9v9EAAAAJ&hl=en
Namrata Saha,Visiting Assistant Professor,Coe College,https://scholar.google.com/citations?user=WIbJeikAAAAJ&hl=en
Stephen Hughes,Professor,Coe College,https://scholar.google.com/citations?user=J1wcT78AAAAJ
Terry Hostetler,Professor,Coe College,https://scholar.google.com/citations?user=6qMo9nAAAAAJ&hl=en
Allen Harper,Assistant Professor,Colby College,https://scholar.google.com/citations?hl=en&user=5NrGjVEAAAAJ
Eric Aaron,Associate Professor,Colby College,https://scholar.google.com/citations?user=CakF_eoAAAAJ&hl=en
Hannen Wolfe,Assistant Professor,Colby College,https://scholar.google.com/citations?hl=en&user=e8tzLt8AAAAJ
Ike Lage,Assistant Professor,Colby College,https://scholar.google.com/citations?user=ikjS5acAAAAJ&hl=en
Max Bender,Assistant Professor,Colby College,https://scholar.google.com/citations?user=ikjS5acAAAAJ&hl=en
Naser Al Madi,Visiting Assistant Professor,Colby College,https://scholar.google.com/citations?user=JnsmU1oAAAAJ&hl=en
Oliver Layton,Associate Professor,Colby College,https://scholar.google.com/citations?user=KAteVRoAAAAJ&hl=en
Stacy Doore,Assistant Professor,Colby College,https://scholar.google.com/citations?user=DIJAtq8AAAAJ&hl=en
Stephanie Taylor,Professor,Colby College,https://scholar.google.com/citations?user=rYOun6YAAAAJ&hl=en
Tahiya Chowdhury,Assistant Professor,Colby College,https://scholar.google.com/citations?user=xF9c348AAAAJ&hl=en
Ying Li,Associate Professor,Colby College,https://scholar.google.com/citations?user=yBGwGbYAAAAJ&hl=en
Aaron Gember-Jacobson,Associate Professor,Colgate University,https://scholar.google.com/citations?user=fS0ahg8AAAAJ&hl=en
David Perkins,Visiting Assistant Professor,Colgate University,https://scholar.google.com/citations?hl=en&user=78f0rNsAAAAJ
Elodie Fourquet,Associate Professor,Colgate University,https://scholar.google.com/citations?user=07PlPHwAAAAJ&hl=en
Forrest Davis,Assistant Professor,Colgate University,https://scholar.google.com/citations?user=EkuHy7AAAAAJ&hl=en
Georgiana Haldeman,Assistant Professor,Colgate University,https://scholar.google.com/citations?user=f-gMi0gAAAAJ&hl=en
Grusha Prasad,Assistant Professor,Colgate University,https://scholar.google.com/citations?user=NK8fCFgAAAAJ&hl=en
Joel Sommers,Professor,Colgate University,https://scholar.google.com/citations?user=NQS4qHUAAAAJ&hl=en
Katelyn Valete,Lab Instructor,Colgate University,https://scholar.google.com/citations?hl=en&user=YI72xjIAAAAJ
Matt Lyboult,Senior Lab Instructor,Colgate University,https://scholar.google.com/citations?hl=en&user=qTUrNbEAAAAJ
Nicholas Diana,Assistant Professor,Colgate University,https://scholar.google.com/citations?user=G3Vtp6IAAAAJ&hl=en
Noah Apthorpe,Associate Professor,Colgate University,https://scholar.google.com/citations?user=1cBMDGwAAAAJ&hl=en
Puck Wen,Assistant Professor,Colgate University,https://scholar.google.com/citations?user=bFwaymkAAAAJ&hl=zh-CN
Valerie Cucura,Senior Lab Instructor,Colgate University,https://scholar.google.com/citations?user=sEv8ff0AAAAJ&hl=en
Vijay Ramachandran,Associate Professor,Colgate University,https://scholar.google.com/citations?user=3rq29xkAAAAJ&hl=en
Heather Amthauer,Associate Professor,College of St Benedict,https://scholar.google.com/citations?user=I2fbJ2wAAAAJ&hl=en
Imad Rahal,Professor,College of St Benedict,https://scholar.google.com/citations?user=hXDmnOoAAAAJ&hl=en
Peter Ohmann,Associate Professor,College of St Benedict,https://scholar.google.com/citations?user=8fT0OagAAAAJ&hl=en
Robert Hesse,Associate Professor,College of St Benedict,https://scholar.google.com/citations?user=ZDLZhBcAAAAJ&hl=en
Srikanth Vemula,Assistant Professor,College of St Benedict,https://scholar.google.com/citations?user=ZxCt5j4AAAAJ&hl=en
Vijay Srinivas Tida,Assistant Professor,College of St Benedict,https://scholar.google.com/citations?user=iZ7DIXcAAAAJ&hl=en
Adam Lammert,Assistant Professor,College of the Holy Cross,https://scholar.google.com/citations?hl=en&user=OhCJzJAAAAAJ
Farhad Mohsin,Assistant Professor,College of the Holy Cross,https://scholar.google.com/citations?hl=en&user=Akfw1iQAAAAJ
Kevin Walsh,Associate Professor,College of the Holy Cross,https://scholar.google.com/citations?user=vt6hpl0AAAAJ&hl=en
Laurie Smith King,Professor,College of the Holy Cross,https://scholar.google.com/citations?user=b-4K_AgAAAAJ&hl=en
Ting Gu,Assistant Professor,College of the Holy Cross,
Zack Fitzsimmons,Associate Professor,College of the Holy Cross,https://scholar.google.com/citations?user=oY_mn2oAAAAJ&hl=en
Alex Nord,Assistant Professor,College of Wooster,https://scholar.google.com/citations?user=DerYKYkAAAAJ&hl=en
Dan Palmer,Professor,College of Wooster,https://scholar.google.com/citations?hl=en&user=BpZfPaEAAAAJ
Drew Guarnera,Assistant Professor,College of Wooster,https://scholar.google.com/citations?user=vFhk1RkAAAAJ&hl=en
Heather Guarnera,Assistant Professor,College of Wooster,https://scholar.google.com/citations?user=r1wJOS8AAAAJ&hl=en
John Musgrave,Visiting Assistant Professor,College of Wooster,https://scholar.google.com/citations?user=uOC_FHQAAAAJ&hl=en
Sofia Visa,Professor,College of Wooster,https://scholar.google.com/citations?hl=en&user=S9wYSV4AAAAJ
Ben Nye,Assistant Professor,Colorado College,https://scholar.google.com/citations?user=8MKfjycAAAAJ&hl=en
Beth Malmskog,Associate Professor,Colorado College,https://scholar.google.com/citations?user=aHnRzEcAAAAJ&hl=en
Blake Jackson,Assistant Professor,Colorado College,https://scholar.google.com/citations?user=TxCFgkwAAAAJ&hl=en
Cory B Scott,Assistant Professor,Colorado College,https://scholar.google.com/citations?user=Q82UIV8AAAAJ&hl=en
Danielle Ellsworth,Assistant Professor,Colorado College,https://scholar.google.com/citations?user=vwpsiy0AAAAJ&hl=en
David Brown,Professor,Colorado College,https://scholar.google.com/citations?user=WMGFmzgAAAAJ&hl=en
Flavia Sancier-Barbosa,Associate Professor,Colorado College,https://scholar.google.com/citations?user=oQFnhDIAAAAJ&hl=en
Ike Agbanusi,Assistant Professor,Colorado College,https://scholar.google.com/citations?hl=en&user=bMY6rPYAAAAJ
Jane McDougall,Associate Professor,Colorado College,https://scholar.google.com/citations?user=iPga1l4AAAAJ&hl=en
Janet Burge,Associate Professor,Colorado College,https://scholar.google.com/citations?user=WuAdnxIAAAAJ&hl=en
Luis David Garcia Puente,Professor,Colorado College,https://scholar.google.com/citations?user=T3JESvAAAAAJ&hl=en
Mike Siddoway,Professor,Colorado College,https://scholar.google.com/citations?user=tkrqR1UAAAAJ&hl=en
Minho Kim,Assistant Professor,Colorado College,https://scholar.google.com/citations?user=H1BMC3kAAAAJ&hl=ko
Molly Moran,Associate Professor,Colorado College,https://scholar.google.com/citations?user=AyYB4aMAAAAJ&hl=en
Rebecca Garcia,Professor,Colorado College,https://scholar.google.com/citations?hl=en&user=HTkan3UAAAAJ
Stefan Erickson,Associate Professor,Colorado College,https://scholar.google.com/citations?user=UWxaA5YAAAAJ&hl=en
Varsha Koushik,Assistant Professor,Colorado College,https://scholar.google.com/citations?user=bnSvx1UAAAAJ&hl=en
Ahmed Kamel,Professor,Concordia College,https://scholar.google.com/citations?hl=en&user=DKWUx5oAAAAJ
Damian Lampl,Associate Professor,Concordia College,https://scholar.google.com/citations?user=CRhDUdoAAAAJ&hl=en
Gregory Tanner,Associate Professor,Concordia College,https://scholar.google.com/citations?hl=en&user=6cFv0t0AAAAJ
Christine Chung,Professor,Connecticut College,https://scholar.google.com/citations?hl=en&user=gIbbPOUAAAAJ
Gary Parker,Professor,Connecticut College,https://scholar.google.com/citations?user=K5-socsAAAAJ&hl=en
John Schaeffer,Adjunct Instructor,Connecticut College,https://scholar.google.com/citations?user=TIEVrr8AAAAJ&hl=en
Ozgur Izmirli,Professor,Connecticut College,https://scholar.google.com/citations?hl=en&user=oFj5AYoAAAAJ
Robert Peitzsch,Adjunct Professor,Connecticut College,https://scholar.google.com/citations?user=Z6gtCbkAAAAJ&hl=en
S. James Lee,Professor,Connecticut College,https://scholar.google.com/citations?hl=en&user=DoZA7VkAAAAJ
Stephen Douglass,Associate Professor,Connecticut College,https://scholar.google.com/citations?user=E7eGq_8AAAAJ&hl=en
Thomas Daggett,Adjunct Professor,Connecticut College,https://scholar.google.com/citations?hl=en&user=ma2M5DoAAAAJ
Timothy Becker,Associate Professor,Connecticut College,https://scholar.google.com/citations?user=6hv4-c4AAAAJ&hl=en
William Barnes,Adjunct Instructor,Connecticut College,https://scholar.google.com/citations?user=RKIvQUwAAAAJ&hl=en
William Tarimo,Associate Professor,Connecticut College,https://scholar.google.com/citations?user=zkieFRoAAAAJ&hl=en
Ajit Chavan,Associate Professor,Cornell College,https://scholar.google.com/citations?user=V9wvZaAAAAAJ&hl=en
Lauren Jepsen,Assistant Professor,Cornell College,https://scholar.google.com/citations?user=j1kMF48AAAAJ&hl=en
Jeff Humphries,Professor,Covenant College,https://scholar.google.com/citations?hl=en&user=NGNhTDoAAAAJ
Zeyu Zhou,Visiting Assistant Professor,Covenant College,https://scholar.google.com/citations?user=FABI3zwAAAAJ&hl=en
Ana Wright,Assistant Professor,Davidson College,https://scholar.google.com/citations?user=2yw5_IYAAAAJ
Angel Chavez,Assistant Professor,Davidson College,https://scholar.google.com/citations?user=HX6fcq0AAAAJ&hl=en
Carl Yerger,Professor,Davidson College,https://scholar.google.com/citations?user=nLTpzGwAAAAJ&hl=en
Catherine Nemitz,Assistant Professor,Davidson College,https://scholar.google.com/citations?user=MWcHkkgAAAAJ&hl=en
Hammurabi Mendes,Associate Professor,Davidson College,https://scholar.google.com/citations?hl=en&user=DbUta0cAAAAJ
Heather Blake,Associate Professor,Davidson College,https://scholar.google.com/citations?hl=en&user=lY3Tje4AAAAJ
Jonad Pulaj,Associate Professor,Davidson College,https://scholar.google.com/citations?user=IwidyRAAAAAJ&hl=en
Katy Williams,Assistant Professor,Davidson College,https://scholar.google.com/citations?user=5Nv3538AAAAJ&hl=en
Laurie Heyer,Associate Professor,Davidson College,https://scholar.google.com/citations?user=nLTpzGwAAAAJ&hl=en
Matthew Bachmann,Visiting Assistant Professor,Davidson College,https://scholar.google.com/citations?user=oTMGqGoAAAAJ&hl=en
Raghu Ramanujan,Associate Professor,Davidson College,https://scholar.google.com/citations?user=BR02xjoAAAAJ&hl=en
Tabitha Peck,Associate Professor,Davidson College,https://scholar.google.com/citations?user=0SuFupQAAAAJ&hl=en
Terrence Lim,Assistant Professor,Davidson College,https://scholar.google.com/citations?user=AdEsZwsAAAAJ&hl=en
Tim Chartier,Professor,Davidson College,https://scholar.google.com/citations?user=fkOJw68AAAAJ&hl=fr
Yan Zhuang,Associate Professor,Davidson College,https://scholar.google.com/citations?user=yyWvbkIAAAAJ&hl=en
Ashwin Lall,Professor,Denison University,https://scholar.google.com/citations?user=PwwVdbgAAAAJ&hl=en
David Kahn,Assistant Professor,Denison University,https://scholar.google.com/citations?user=vHugl_kAAAAJ&hl=en
Flannery Currin,Assistant Professor,Denison University,https://scholar.google.com/citations?user=Rb5fnR0AAAAJ&hl=en
Matt Kretchmar,Professor,Denison University,https://scholar.google.com/citations?user=m9cGzYMAAAAJ&hl=en
Michael Chavrimootoo,Assistant Professor,Denison University,https://scholar.google.com/citations?hl=en&user=2DquIOcAAAAJ
Mikey Goldweber,Professor,Denison University,https://scholar.google.com/citations?hl=en&user=jp5kikYAAAAJ
Stacey Truex,Assistant Professor,Denison University,https://scholar.google.com/citations?user=syy_-fMAAAAJ&hl=en
Allana Johnson,Instructor,DePauw University,
Brian Howard,Associate Professor,DePauw University,https://scholar.google.com/citations?user=X1AA8HQAAAAJ&hl=en
Chad Byers,Associate Professor,DePauw University,https://scholar.google.com/citations?user=2fbFEdIAAAAJ&hl=en
Gloria Townsend,Professor,DePauw University,https://scholar.google.com/citations?user=f_OkIosAAAAJ&hl=en
Khadija Stewart,Professor,DePauw University,https://scholar.google.com/citations?user=6SDwQ00AAAAJ&hl=en
Mehmet Gulum,Assistant Professor,DePauw University,https://scholar.google.com/citations?user=DoxEPT4AAAAJ&hl=en
Paul Bible,Assistant Professor,DePauw University,https://scholar.google.com/citations?user=JdthnagAAAAJ&hl=en
Scott Thede,Professor,DePauw University,
Dick Forrester,Professor,Dickinson College,https://scholar.google.com/citations?user=sNsxx-IAAAAJ&hl=en
Farhan Siddiqui,Associate Professor,Dickinson College,https://scholar.google.com/citations?user=zQnEtZ4AAAAJ&hl=en
Grant Braught,Professor,Dickinson College,https://scholar.google.com/citations?user=Fjk9SMwAAAAJ&hl=en
John MacCormick,Professor,Dickinson College,https://scholar.google.com/citations?user=Fjk9SMwAAAAJ&hl=en
Matt Ferland,Assistant Professor,Dickinson College,https://scholar.google.com/citations?user=rP0hJ1oAAAAJ&hl=en
William Goble,Lecturer,Dickinson College,https://scholar.google.com/citations?user=d9shf48AAAAJ&hl=en
Adam Michlin,Assistant Professor,Drew University,https://scholar.google.com/citations?user=rHSp4EIAAAAJ&hl=en
Alex Rudniy,Associate Professor,Drew University,https://scholar.google.com/citations?user=9OL0_JAAAAAJ&hl=en
Barry Burd,Professor,Drew University,https://scholar.google.com/citations?hl=en&user=-GjN8kAAAAAJ
Chris Gibbs,Adjunct Professor,Drew University,https://scholar.google.com/citations?hl=en&user=CQ-3680AAAAJ
Diane Liporace,Assistant Teaching Professor,Drew University,https://scholar.google.com/citations?user=6s5xpAUAAAAJ&hl=en
Fred Meyer,Adjunct Professor,Drew University,https://scholar.google.com/citations?hl=en&user=afV2xzUAAAAJ
Prasad Kothapalli,Adjunct Professor,Drew University,https://scholar.google.com/citations?user=bswVXlAAAAAJ&hl=en
Valerie Siyuan Feng,Assistant Professor,Drew University,https://scholar.google.com/citations?user=wMCabOAAAAAJ&hl=en
Yi Lu,Associate Professor,Drew University,https://scholar.google.com/citations?user=-OQff8MAAAAJ&hl=en
Charlie Peck,Associate Professor,Earlham College,https://scholar.google.com/citations?user=qHff9dIAAAAJ&hl=en
Debanjali Banerjee,Assistant Professor,Earlham College,https://scholar.google.com/citations?user=XaKBoNwAAAAJ&hl=en
Fatemeh Valizadeh Gamchi,Assistant Professor,Earlham College,https://scholar.google.com/citations?hl=en&user=ymM5kfAAAAAJ
Yunting Yin,Assistant Professor,Earlham College,https://scholar.google.com/citations?user=kmLgZRQAAAAJ&hl=en
Injoo Kim,Associate Professor,East-West University,https://scholar.google.com/citations?user=qcbyf6MAAAAJ&hl=en
Julie Zhang,Associate Professor,East-West University,https://scholar.google.com/citations?user=No3aSRsAAAAJ&hl=en
Komal Vashisht,Adjunct Instructor,East-West University,https://scholar.google.com/citations?hl=en&user=nNdZ89oAAAAJ
Holger Mauch,Professor,Eckerd College,https://scholar.google.com/citations?user=A5th2tUAAAAJ&hl=en
Kelly R. Debure,Professor,Eckerd College,https://scholar.google.com/citations?user=bVk2324AAAAJ&hl=en
Michael L Hilton,Associate Professor,Eckerd College,https://scholar.google.com/citations?user=BlLoAnkAAAAJ&hl=en
Brad McDanel,Associate Professor,Franklin & Marshall College,https://scholar.google.com/citations?hl=en&user=icH2TNgAAAAJ
Ed Novak,Associate Professor,Franklin & Marshall College,https://scholar.google.com/citations?user=DJHTM3YAAAAJ&hl=en
Jacob Logas,Assistant Professor,Franklin & Marshall College,https://scholar.google.com/citations?hl=en&user=ggGN94cAAAAJ
Jing Hu,Associate Professor,Franklin & Marshall College,https://scholar.google.com/citations?hl=en&user=dQyhlakAAAAJ
Justin D Brody,Associate Professor,Franklin & Marshall College,https://scholar.google.com/citations?user=oHBnckcAAAAJ&hl=en
Tony J Weaver,Adjunct Senior Instructor,Franklin & Marshall College,
Willie Wilson,Associate Professor,Franklin & Marshall College,https://scholar.google.com/citations?user=Ps3Sg5EAAAAJ&hl=en
Kerry Smith,Professor,Franklin College,https://scholar.google.com/citations?user=C6Zbi4QAAAAJ&hl=en
Robert Beasley,Professor,Franklin College,https://scholar.google.com/citations?hl=en&user=kn_UO9sAAAAJ
Andrea Tartaro,Professor,Furman University,https://scholar.google.com/citations?hl=en&user=Fgd0u2UAAAAJ
Chris Alvin,Associate Professor,Furman University,https://scholar.google.com/citations?user=el66434AAAAJ&hl=en
Kevin Treu,Professor,Furman University,https://scholar.google.com/citations?user=LHu4YJsAAAAJ&hl=en
Rebecca Drucker,Assistant Professor,Furman University,https://scholar.google.com/citations?hl=en&user=pQytlFwAAAAJ
Syed Fahad Sultan,Assistant Professor,Furman University,https://scholar.google.com/citations?user=PVlz30EAAAAJ&hl=en
Clif Presser,Associate Professor,Gettysburg College,https://scholar.google.com/citations?user=Yzlu8rQAAAAJ&hl=en
Daniel White,Lecturer,Gettysburg College,https://scholar.google.com/citations?user=tUk8pgUAAAAJ&hl=en
Ivaylo Ilinkin,Professor,Gettysburg College,https://scholar.google.com/citations?user=s4mG88AAAAAJ&hl=en
Jonathan Hoffman,Adjunct Instructor,Gettysburg College,https://scholar.google.com/citations?user=1mqIKC0AAAAJ&hl=en
Sunghee Sunny Kim,Professor,Gettysburg College,https://scholar.google.com/citations?user=RUw0PzUAAAAJ&hl=en
Todd W. Neller,Professor,Gettysburg College,https://scholar.google.com/citations?user=Lz4xk1YAAAAJ&hl=en
Irvin J. Levy,Professor,Gordon College,https://scholar.google.com/citations?hl=en&user=O7oYZgQAAAAJ
Jonathan R. Senning,Professor,Gordon College,https://scholar.google.com/citations?user=1FP7yLYAAAAJ&hl=en
Russell C. Bjork,Professor,Gordon College,https://scholar.google.com/citations?hl=en&user=flrt9TIAAAAJ
Jill Zimmerman,Professor,Goucher College,https://scholar.google.com/citations?user=yyKgGtsAAAAJ&hl=en
Mohammad Naderi Dehkordi,Associate Professor,Goucher College,https://scholar.google.com/citations?user=Ilgjl9AAAAAJ&hl=en
Robert Lewand,Professor,Goucher College,https://scholar.google.com/citations?user=53McWikAAAAJ&hl=en
Thomas Kelliher,Associate Professor,Goucher College,https://scholar.google.com/citations?user=ZnoM_joAAAAJ&hl=en
Ali Allami,Associate Professor,Grinnell College,https://scholar.google.com/citations?user=wI2K-88AAAAJ&hl=en
Charlie Curtsinger,Associate Professor,Grinnell College,https://scholar.google.com/citations?user=N6SvlwYAAAAJ&hl=en
Eric Autry,Assistant Professor,Grinnell College,https://scholar.google.com/citations?hl=en&user=ymb9eDoAAAAJ
Fernanda Eliott,Assistant Professor,Grinnell College,https://scholar.google.com/citations?hl=en&user=NtCixSkAAAAJ
Jerod Weinman,Associate Professor,Grinnell College,https://scholar.google.com/citations?user=W7vTHe4AAAAJ&hl=en
Nicole Eikmeier,Associate Professor,Grinnell College,https://scholar.google.com/citations?hl=en&user=7viTMCsAAAAJ
Peter-Michael Osera,Associate Professor,Grinnell College,https://scholar.google.com/citations?user=5giUNY0AAAAJ&hl=en
Samuel A. Rebelsky,Professor,Grinnell College,https://scholar.google.com/citations?user=2C2orDEAAAAJ&hl=en
Shawn Ong,Assistant Professor,Grinnell College,https://scholar.google.com/citations?user=kaZms3wAAAAJ&hl=en
William Rebelsky,Assistant Professor,Grinnell College,https://scholar.google.com/citations?user=2C2orDEAAAAJ&hl=en
Aaron Nienow,Senior Instructor,Gustavus Adolphus College,https://scholar.google.com/citations?user=7XVDsjEAAAAJ&hl=en
Baili Chen,Associate Professor,Gustavus Adolphus College,https://scholar.google.com/citations?user=7XVDsjEAAAAJ&hl=en
Guarionex Salivia,Associate Professor,Gustavus Adolphus College,https://scholar.google.com/citations?user=X2gfJBkAAAAJ&hl=en
Jacob Siehler,Associate Professor,Gustavus Adolphus College,https://scholar.google.com/citations?user=7XVDsjEAAAAJ&hl=en
Jeff Ford,Visiting Assistant Professor,Gustavus Adolphus College,https://scholar.google.com/citations?user=7XVDsjEAAAAJ&hl=en
Jillian Downey,Associate Professor,Gustavus Adolphus College,https://scholar.google.com/citations?user=7XVDsjEAAAAJ&hl=en
Laura Hildreth,Associate Professor,Gustavus Adolphus College,https://scholar.google.com/citations?hl=en&user=XD4yoBkAAAAJ
Louis Yu,Associate Professor,Gustavus Adolphus College,https://scholar.google.com/citations?user=7XVDsjEAAAAJ&hl=en
Thomas LoFaro,Professor,Gustavus Adolphus College,
Darren Strash,Associate Professor,Hamilton College,https://scholar.google.com/citations?user=BTW2e5AAAAAJ&hl=en
Han Dong,Assistant Professor,Hamilton College,https://scholar.google.com/citations?hl=en&user=i1VhZwgAAAAJ
Karyn Doke,Assistant Professor,Hamilton College,https://scholar.google.com/citations?user=dxP7xvkAAAAJ&hl=en
Sarah Morrison-Smith,Assistant Professor,Hamilton College,https://scholar.google.com/citations?user=70N7xcMAAAAJ&hl=en
Shawn Chen,Assistant Professor,Hamilton College,https://scholar.google.com/citations?user=jK8w7iEAAAAJ&hl=en
Thomas Helmuth,Associate Professor,Hamilton College,https://scholar.google.com/citations?user=Z_nA0YoAAAAJ&hl=en
Wenbo Wang,Visiting Assistant Professor,Hamilton College,https://scholar.google.com/citations?user=tis0fWEAAAAJ&hl=en
Brian Lins,Professor,Hampden-Sydney College,https://scholar.google.com/citations?user=Hg5BZBoAAAAJ&hl=en
Dylan Domel-White,Assistant Professor,Hampden-Sydney College,https://scholar.google.com/citations?hl=en&user=JxgYic8AAAAJ
John Machacek,Assistant Professor,Hampden-Sydney College,https://scholar.google.com/citations?hl=en&user=G_kvczIAAAAJ
Joseph Rennie,Assistant Professor,Hampden-Sydney College,https://scholar.google.com/citations?hl=en&user=HdWf13kAAAAJ
Michael C. Strayer,Associate Professor,Hampden-Sydney College,https://scholar.google.com/citations?user=WWj3UWAAAAAJ&hl=en
Rebecca Jayne,Associate Professor,Hampden-Sydney College,https://scholar.google.com/citations?user=xTEw6hwAAAAJ&hl=en
Sarah Loeb,Associate Professor,Hampden-Sydney College,https://scholar.google.com/citations?user=Beu2zicAAAAJ&hl=en
William Tolley,Assistant Professor,Hampden-Sydney College,https://scholar.google.com/citations?user=WWj3UWAAAAAJ&hl=en
Barbara Wahl,Professor,Hanover College,https://scholar.google.com/citations?hl=en&user=T3sZDVYAAAAJ
Haris Skiadas,Professor,Hanover College,https://scholar.google.com/citations?hl=en&user=4vKbe6kAAAAJ
Jeffrey LaMarche,Visiting Instructor,Hanover College,https://scholar.google.com/citations?user=nmolsY0AAAAJ&hl=en
Howard Lichtman,Professor,Hartwick College,https://scholar.google.com/citations?user=nwbMyO0AAAAJ&hl=en
Arthi Padmanabhan,Assistant Professor,Harvey Mudd College,https://scholar.google.com/citations?user=HAKBpooAAAAJ&hl=en
Ben Wiedermann,Associate Professor,Harvey Mudd College,https://scholar.google.com/citations?user=bgf8-CsAAAAJ&hl=en
Beth Trushkowsky,Associate Professor,Harvey Mudd College,https://scholar.google.com/citations?user=5hxwmLUAAAAJ&hl=en
Calden Wloka,Assistant Professor,Harvey Mudd College,https://scholar.google.com/citations?user=PUKSYdMAAAAJ&hl=es
Chris Stone,Professor,Harvey Mudd College,https://scholar.google.com/citations?user=Mef1Ia8AAAAJ&hl=en
Erin Talvitie,Professor,Harvey Mudd College,https://scholar.google.com/citations?user=mAvu7aYAAAAJ&hl=en
George Montañez,Associate Professor,Harvey Mudd College,https://scholar.google.com/citations?user=Ips0LdMAAAAJ&hl=en
Jim Boerkoel,Professor,Harvey Mudd College,https://scholar.google.com/citations?user=cb6sM28AAAAJ&hl=en
Jonathan Chang,Assistant Professor,Harvey Mudd College,https://scholar.google.com/citations?user=ex0aJqgAAAAJ&hl=en
Julie Medero,Associate Professor,Harvey Mudd College,https://scholar.google.com/citations?user=_4O0rFkAAAAJ&hl=en
Katherine Breeden,Associate Professor,Harvey Mudd College,https://scholar.google.com/citations?user=POT4ihwAAAAJ&hl=en
Lucas Bang,Associate Professor,Harvey Mudd College,https://scholar.google.com/citations?user=PqPeKz8AAAAJ&hl=en
Lynn Kirabo,Assistant Professor,Harvey Mudd College,https://scholar.google.com/citations?hl=en&user=MHgi37IAAAAJ
Melissa O'Neill,Professor,Harvey Mudd College,https://scholar.google.com/citations?user=r1cIpfgAAAAJ&hl=en
Tim Randolph,Assistant Professor,Harvey Mudd College,https://scholar.google.com/citations?user=J5hNWawAAAAJ&hl=en
Vidushi Ojha,Assistant Professor,Harvey Mudd College,https://scholar.google.com/citations?user=8Sz73ngAAAAJ&hl=en
Xanda Schofield,Associate Professor,Harvey Mudd College,https://scholar.google.com/citations?user=5hxwmLUAAAAJ&hl=en
Zach Dodds,Professor,Harvey Mudd College,https://scholar.google.com/citations?user=UN58kSMAAAAJ&hl=en
Alvin Grissom,Associate Professor,Haverford College,https://scholar.google.com/citations?user=S-W8y58AAAAJ&hl=en
David Wonnacott,Professor,Haverford College,https://scholar.google.com/citations?user=yNR93H4AAAAJ&hl=en
Dung Nguyen,Visiting Assistant Professor,Haverford College,https://scholar.google.com/citations?user=crI3PxsAAAAJ&hl=en
John Dougherty,Associate Professor,Haverford College,https://scholar.google.com/citations?user=utJA5zgAAAAJ&hl=en
Sorelle Friedler,Professor,Haverford College,https://scholar.google.com/citations?user=XDHr1VIAAAAJ&hl=en
Steven Lindell,Professor,Haverford College,https://scholar.google.com/citations?user=_m-BTtAAAAAJ&hl=en
Thao Nguyen,Assistant Professor,Haverford College,https://scholar.google.com/citations?user=7M8HNUIAAAAJ&hl=en
Brent A. Yorgey,Associate Professor,Hendrix College,https://scholar.google.com/citations?user=KafW1vYAAAAJ&hl=en
Brian Delavan,Adjunct Professor,Hendrix College,https://scholar.google.com/citations?hl=en&user=DvHJWroAAAAJ
Gabriel Ferrer,Professor,Hendrix College,https://scholar.google.com/citations?user=SH1740kAAAAJ&hl=en
Mark Goadrich,Professor,Hendrix College,https://scholar.google.com/citations?user=sXia8FoAAAAJ&hl=en
Chris Fietkiewicz,Associate Professor,Hobart and William Smith College,https://scholar.google.com/citations?user=WkgTkQ8AAAAJ&hl=en
Erika L.C. King,Associate Professor,Hobart and William Smith College,https://scholar.google.com/citations?user=xr-Cy5gAAAAJ&hl=en
Hanqing Hu,Assistant Professor,Hobart and William Smith College,https://scholar.google.com/citations?hl=en&user=SpC-lucAAAAJ
Jennifer Biermann,Associate Professor,Hobart and William Smith College,https://scholar.google.com/citations?user=iHP42vQAAAAJ&hl=en
Jocelyn Bell,Associate Professor,Hobart and William Smith College,https://scholar.google.com/citations?user=0FD5To4AAAAJ&hl=en
Jonathan E Forde,Professor,Hobart and William Smith College,https://scholar.google.com/citations?hl=en&user=q7A9nV8AAAAJ
Joseph Rusinko,Professor,Hobart and William Smith College,https://scholar.google.com/citations?user=fOO09_wAAAAJ&hl=en
Stina S Bridgeman,Associate Professor,Hobart and William Smith College,https://scholar.google.com/citations?user=VYukyS8AAAAJ&hl=en
Yan Hao,Associate Professor,Hobart and William Smith College,https://scholar.google.com/citations?user=WkgTkQ8AAAAJ&hl=en
Charles Cusack,Professor,Hope College,https://scholar.google.com/citations?user=wsSlOd8AAAAJ&hl=en
Fola Olagbemi,Assistant Professor,Hope College,https://scholar.google.com/citations?hl=en&user=uJTB6Q4AAAAJ
Michael Jipping,Professor,Hope College,https://scholar.google.com/citations?user=vLY9zsQAAAAJ&hl=en
Ryan McFall,Professor,Hope College,https://scholar.google.com/citations?user=inZeifoAAAAJ&hl=en
Babafemi Sorinolu,Assistant Professor,Houghton University,https://scholar.google.com/citations?user=03AJU0oAAAAJ&hl=en
Katrina Koehler,Associate Professor,Houghton University,https://scholar.google.com/citations?user=YRznOzwAAAAJ&hl=en
Takako Soma,Associate Professor,Illinois College,https://scholar.google.com/citations?hl=en&user=Sg7CLVwAAAAJ
Elainea Neville,Instructor,Juniata College,https://scholar.google.com/citations?user=Uy68HysAAAAJ&hl=en
Gerald W. Kruse,Professor,Juniata College,https://scholar.google.com/citations?user=H90agnIAAAAJ&hl=en
Jianyuan Ni,Assistant Professor,Juniata College,https://scholar.google.com/citations?user=RLLhFosAAAAJ&hl=en
Jigar Patel,Lecturer,Juniata College,https://scholar.google.com/citations?user=mq5vHSgAAAAJ&hl=en
John J. Wright,Associate Professor,Juniata College,https://scholar.google.com/citations?user=70MIIDcAAAAJ&hl=en
William H. Thomas,Professor,Juniata College,https://scholar.google.com/citations?user=2kxKzRsAAAAJ&hl=en
Alyce Brady,Professor,Kalamazoo College,https://scholar.google.com/citations?user=ClqUnCAAAAAJ&hl=en
Nicholas Polanco,Visiting Assistant Professor,Kalamazoo College,https://scholar.google.com/citations?user=8IzuU8UAAAAJ&hl=en
Pam Cutter,Professor,Kalamazoo College,https://scholar.google.com/citations?hl=en&user=AqatkV8AAAAJ
Sandino Vargas-Pérez,Associate Professor,Kalamazoo College,https://scholar.google.com/citations?user=9sFDnrQAAAAJ&hl=en
Tasnim Gharaibeh,Assistant Professor,Kalamazoo College,https://scholar.google.com/citations?user=HG2rrAEAAAAJ&hl=en
David Bunde,Professor,Knox College,https://scholar.google.com/citations?user=rcbHCokAAAAJ&hl=en
Jaime Spacco,Associate Professor,Knox College,https://scholar.google.com/citations?user=awILP9QAAAAJ&hl=en
Jurdana Masuma Iqrah,Assistant Professor,Knox College,https://scholar.google.com/citations?user=Eu7ErsYAAAAJ&hl=en
Michael Gerten,Visiting Instructor,Knox College,https://scholar.google.com/citations?user=iydsq34AAAAJ&hl=en
Shengting Cao,Assistant Professor,Knox College,https://scholar.google.com/citations?user=VPm1CusAAAAJ&hl=en
Christian Lopez,Assistant Professor,Lafayette College,https://scholar.google.com/citations?user=t2ZEe1MAAAAJ&hl=en
Ge Xia,Professor,Lafayette College,https://scholar.google.com/citations?user=4vJXzUUAAAAJ&hl=en
Jeffrey O. Pfaffmann,Associate Professor,Lafayette College,https://scholar.google.com/citations?hl=en&user=CUD7V78AAAAJ
Jia Tao,Associate Professor,Lafayette College,https://scholar.google.com/citations?user=2O9FP38AAAAJ&hl=en
Jonathan Dahl,Senior Lecturer,Lafayette College,https://scholar.google.com/citations?user=cKidKdMAAAAJ&hl=en
Jorge Silveyra,Assistant Professor,Lafayette College,https://scholar.google.com/citations?user=jYk3xwwAAAAJ&hl=en
Justin Smith,Assistant Professor,Lafayette College,https://scholar.google.com/citations?user=i154fxoAAAAJ&hl=en
Lauren Biernacki,Assistant Professor,Lafayette College,https://scholar.google.com/citations?user=DcUvpE0AAAAJ&hl=en
Sofia Serrano,Assistant Professor,Lafayette College,https://scholar.google.com/citations?user=jYk3xwwAAAAJ&hl=en
Craig Knuckles,Professor,Lake Forest College,https://scholar.google.com/citations?hl=en&user=q8FA7IEAAAAJ
Dakotah Lambert,Assistant Professor,Lake Forest College,https://scholar.google.com/citations?user=PGroe-4AAAAJ&hl=en
Enrique Trevino,Professor,Lake Forest College,https://scholar.google.com/citations?user=wt1kRTcAAAAJ&hl=en
Gunjan Sharma,Visiting Assistant Professor,Lake Forest College,https://scholar.google.com/citations?user=9-02kEsAAAAJ&hl=en
Sara Jamshidi,Assistant Professor,Lake Forest College,https://scholar.google.com/citations?user=GP9yw4oAAAAJ&hl=en
Sugata Banerji,Associate Professor,Lake Forest College,https://scholar.google.com/citations?user=CGrpuM8AAAAJ&hl=en
Kent Tyler,Assistant Professor,Lane College,https://scholar.google.com/citations?user=Yphj-pQAAAAJ&hl=fr
Kitai Jeong,Assistant Professor,Lane College,https://scholar.google.com/citations?user=iTI2ZVYAAAAJ&hl=en
Sheldon Liang,Assistant Professor,Lane College,https://scholar.google.com/citations?user=ckYJz0cAAAAJ&hl=en
Acacia Ackles,Assistant Professor,Lawrence University,https://scholar.google.com/citations?hl=en&user=MF3IPgIAAAAJ
Joseph N. Gregg,Associate Professor,Lawrence University,https://scholar.google.com/citations?hl=en&user=3-O3TKIAAAAJ
Kurt Krebsbach,Professor,Lawrence University,https://scholar.google.com/citations?hl=en&user=AKHplAUAAAAJ
Kyle Diederich,Visiting Assistant Professor,Lawrence University,https://scholar.google.com/citations?user=wq_6J0cAAAAJ&hl=en
David Lovitz,Visiting Professor,Lewis & Clark College,https://scholar.google.com/citations?hl=en&user=PaAmVEUAAAAJ
Sweta Suryanarayan,Assistant Professor,Lewis & Clark College,https://scholar.google.com/citations?hl=en&user=rRUp8WQAAAAJ
Chuck Lundon,Professor,Linfield University,https://scholar.google.com/citations?user=f5hSAl0AAAAJ&hl=en
Daniel Ford,Assistant Professor,Linfield University,https://scholar.google.com/citations?user=lGwzj6oAAAAJ&hl=en
Jennifer Nordstrom,Professor,Linfield University,
Kate Lorenzen,Assistant Professor,Linfield University,https://scholar.google.com/citations?user=HfuXtPsAAAAJ&hl=en
Mike Hitchman,Professor,Linfield University,https://scholar.google.com/citations?hl=en&user=Gggzp7UAAAAJ
Nurideen Abubakari,Assistant Professor,Linfield University,https://scholar.google.com/citations?user=fCyqHIAAAAAJ&hl=en
Stephen Bricher,Professor,Linfield University,https://scholar.google.com/citations?user=zi5rE1gAAAAJ&hl=en
Yujie Wang,Assistant Professor,Linfield University,https://scholar.google.com/citations?user=jl95bUAAAAAJ&hl=en
Kar Ee Ho,Assistant Professor,Luther College,https://scholar.google.com/citations?hl=en&user=b8cNEHwAAAAJ
Roman Yasinovskyy,Associate Professor,Luther College,https://scholar.google.com/citations?user=TM4jXwwAAAAJ&hl=en
Sanad Aburass,Assistant Professor,Luther College,https://scholar.google.com/citations?user=oAhSlDYAAAAJ&hl=en
Thuy Do,Assistant Professor,Luther College,https://scholar.google.com/citations?user=TM4jXwwAAAAJ&hl=en
Adrian Rublein,Assistant Professor,Lycoming College,https://scholar.google.com/citations?user=v9QQG1sAAAAJ&hl=en
Krish Pillai,Assistant Professor,Lycoming College,https://scholar.google.com/citations?user=5m_mPnIAAAAJ&hl=en
Marcus Birkenkrahe,Associate Professor,Lyon College,https://scholar.google.com/citations?user=Vvnwsv0AAAAJ&hl=en
Pietro Dall'Olio,Assistant Professor,Lyon College,https://scholar.google.com/citations?user=pnyUZGQAAAAJ&hl=en
Abby Marsh,Associate Professor,Macalester College,https://scholar.google.com/citations?user=nHQO5lEAAAAJ&hl=en
Amin Alhashim,Visiting Assistant Professor,Macalester College,https://scholar.google.com/citations?user=PN6569sAAAAJ&hl=en
Bret Jackson,Professor,Macalester College,https://scholar.google.com/citations?user=vNG3fo8AAAAJ&hl=en
Dan Drake,Visiting Assistant Professor,Macalester College,https://scholar.google.com/citations?hl=pl&user=Kv7O7BwAAAAJ
Daniel O'Loughlin,Visiting Assistant Professor,Macalester College,https://scholar.google.com/citations?user=UyzwL7AAAAAJ&hl=en
Elizabeth Ernst,Assistant Professor,Macalester College,https://scholar.google.com/citations?user=jirb148AAAAJ&hl=en
Elizabeth Shoop,Professor,Macalester College,https://scholar.google.com/citations?user=5Ot3NXoAAAAJ&hl=en
Getiria Onsongo,Associate Professor,Macalester College,https://scholar.google.com/citations?user=jawT2xAAAAAJ&hl=en
Joslenne Peña,Assistant Professor,Macalester College,https://scholar.google.com/citations?user=HpSHFZAAAAAJ&hl=en
Lauren Milne,Associate Professor,Macalester College,https://scholar.google.com/citations?user=MjXljEQAAAAJ&hl=en
Lian Duan,Instructor,Macalester College,https://scholar.google.com/citations?user=mqlYmHMAAAAJ&hl=en
Paul Cantrell,Senior Instructor,Macalester College,https://scholar.google.com/citations?user=V37gmiMAAAAJ&hl=en
Shilad Sen,Professor,Macalester College,https://scholar.google.com/citations?user=KNlw_X8AAAAJ&hl=en
Suhas Arehalli,Assistant Professor,Macalester College,https://scholar.google.com/citations?user=KneVyZ4AAAAJ&hl=en
Susan Fox,Professor,Macalester College,https://scholar.google.com/citations?user=SKz-RmcAAAAJ&hl=en
Barbara Johnson,Associate Professor,Maryville College,https://scholar.google.com/citations?user=s9BXEjgAAAAJ&hl=en
David Eve,Professor,Massachusetts College of Liberal Arts,
Guodong Wang,Associate Professor,Massachusetts College of Liberal Arts,https://scholar.google.com/citations?user=oNxrGYEAAAAJ&hl=en
Jennifer Hontz,Professor,Meredith College,https://scholar.google.com/citations?user=2J3v3nQAAAAJ&hl=en
Kristin Watkins,Professor of Practice,Meredith College,https://scholar.google.com/citations?user=hg157v8AAAAJ&hl=en
Mark Gass,Assistant Professor of Practice,Meredith College,https://scholar.google.com/citations?hl=en&user=DLqTwcsAAAAJ
Amy Briggs,Professor,Middlebury College,https://scholar.google.com/citations?hl=en&user=N__cuWEAAAAJ
Ananya Das,Associate Professor,Middlebury College,https://scholar.google.com/citations?user=p0VYFpsAAAAJ&hl=en
Andrea Vaccari,Associate Professor,Middlebury College,https://scholar.google.com/citations?user=HdtesW4AAAAJ&hl=en
Christopher Andrews,Associate Professor,Middlebury College,https://scholar.google.com/citations?user=fSvEhCEAAAAJ&hl=en
Frank Swenton,Professor,Middlebury College,https://scholar.google.com/citations?user=I2InSAgAAAAJ&hl=en
Laura Biester,Assistant Professor,Middlebury College,https://scholar.google.com/citations?user=V-lAKfYAAAAJ&hl=en
Matthew Dickerson,Professor,Middlebury College,https://scholar.google.com/citations?user=cqQDl34AAAAJ&hl=en
Michael Linderman,Associate Professor,Middlebury College,https://scholar.google.com/citations?user=ox3inugAAAAJ&hl=en
Peter Johnson,Associate Professor,Middlebury College,https://scholar.google.com/citations?user=O3R-_YEAAAAJ&hl=en
Phil Chodrow,Assistant Professor,Middlebury College,https://scholar.google.com/citations?user=dgWoch0AAAAJ&hl=en
Philip Caplan,Assistant Professor,Middlebury College,https://scholar.google.com/citations?user=RvyJHUwAAAAJ&hl=en
Shelby Kimmel,Associate Professor,Middlebury College,https://scholar.google.com/citations?user=c3iDnsMAAAAJ&hl=en
Smith Gakuya,Visiting Lab Instructor,Middlebury College,https://scholar.google.com/citations?hl=en&user=6Jlq8fYAAAAJ
Logan Mayfield,Professor,Monmouth College,https://scholar.google.com/citations?user=WVT8fDgAAAAJ&hl=en
Robert Utterback,Adjunct Professor,Monmouth College,https://scholar.google.com/citations?user=3naoCC8AAAAJ
Alyxander Burns,Assistant Professor,Mount Holyoke College,https://scholar.google.com/citations?user=4KZHJ7EAAAAJ&hl=en
Audrey St. John,Professor,Mount Holyoke College,https://scholar.google.com/citations?user=MbgQ6ScAAAAJ&hl=en
Barbara Staudt Lerner,Professor,Mount Holyoke College,https://scholar.google.com/citations?user=O6eLPG4AAAAJ&hl=en
Diane Uwacu,Assistant Professor,Mount Holyoke College,https://scholar.google.com/citations?user=Gd4HFZgAAAAJ&hl=en
Heather Pon-Barry,Associate Professor,Mount Holyoke College,https://scholar.google.com/citations?hl=en&user=bQzoxtsAAAAJ
James McCauley,Associate Professor,Mount Holyoke College,https://scholar.google.com/citations?user=udWlOTYAAAAJ&hl=en
Lisa A. Ballesteros,Associate Professor,Mount Holyoke College,https://scholar.google.com/citations?user=M_gh9q8AAAAJ&hl=en
Melody Su,Associate Professor,Mount Holyoke College,https://scholar.google.com/citations?hl=en&user=Pky6-9oAAAAJ
Tony Liu,Assistant Professor,Mount Holyoke College,https://scholar.google.com/citations?user=U0Rzad0AAAAJ&hl=en
Abbey D'Ovidio,Assistant Professor,Muhlenberg College,https://scholar.google.com/citations?user=7Itq1NwAAAAJ&hl=en
Allison Davidson,Associate Professor,Muhlenberg College,https://scholar.google.com/citations?hl=en&user=7ohTReQAAAAJ
Elyn Rykken,Professor,Muhlenberg College,https://scholar.google.com/citations?user=71Y-GGwAAAAJ&hl=en
Gary Shufelt,Adjunct Professor,Muhlenberg College,https://scholar.google.com/citations?user=_kzwi88AAAAJ&hl=en
Hamed Yaghoobian,Assistant Professor,Muhlenberg College,https://scholar.google.com/citations?user=5Ax8m6sAAAAJ&hl=en
James Russell,Associate Professor,Muhlenberg College,https://scholar.google.com/citations?user=dBUCWUMAAAAJ&hl=en
Linda McGuire,Professor,Muhlenberg College,https://scholar.google.com/citations?user=7Itq1NwAAAAJ&hl=en
Michael Allocca,Associate Professor,Muhlenberg College,https://scholar.google.com/citations?user=71Y-GGwAAAAJ&hl=en
Michael Karcher,Assistant Professor,Muhlenberg College,https://scholar.google.com/citations?user=uLuqwgYAAAAJ&hl=en
Proyash Podder,Assistant Professor,Muhlenberg College,https://scholar.google.com/citations?user=s3KlgVwAAAAJ&hl=en
William Gryc,Professor,Muhlenberg College,https://scholar.google.com/citations?user=71Y-GGwAAAAJ&hl=en
Youngsun Jang,Assistant Professor,Muhlenberg College,https://scholar.google.com/citations?user=4HnfwZMAAAAJ&hl=en
Daniel Page,Visiting Assistant Professor,New College of Florida,https://scholar.google.com/citations?user=3Ide8pEAAAAJ&hl=en
David Gillman,Associate Professor,New College of Florida,https://scholar.google.com/citations?hl=en&user=YNkv8-cAAAAJ
Fahmida Hamid,Assistant Professor,New College of Florida,https://scholar.google.com/citations?user=OO-3NIgAAAAJ&hl=en
Gil Salu,Visiting Assistant Professor,New College of Florida,https://scholar.google.com/citations?hl=en&user=3DpfUXYAAAAJ
Adam Eck,Associate Professor,Oberlin College,https://scholar.google.com/citations?user=_DksRmEAAAAJ&hl=en
Cynthia Taylor,Associate Professor,Oberlin College,https://scholar.google.com/citations?user=953LGdYAAAAJ&hl=en
Emily Wang,Assistant Professor,Oberlin College,https://scholar.google.com/citations?user=dpGkcigAAAAJ&hl=en
Howard Levinson,Assistant Professor,Oberlin College,https://scholar.google.com/citations?user=dLSDji4AAAAJ&hl=en
Joshua H. Davidson,Assistant Professor,Oberlin College,https://scholar.google.com/citations?user=A59-0XMAAAAJ&hl=en
Mary Hogan,Assistant Professor,Oberlin College,https://scholar.google.com/citations?hl=en&user=2yBwMz0AAAAJ
Michael McCarrin,Assistant Professor,Oberlin College,https://scholar.google.com/citations?hl=en&user=4VFaeoQAAAAJ
Molly Q Feldman,Assistant Professor,Oberlin College,https://scholar.google.com/citations?user=lIzQd5wAAAAJ&hl=en
Roberto Hoyle,Associate Professor,Oberlin College,https://scholar.google.com/citations?user=qkOAq3IAAAAJ&hl=en
Sam Taggart,Associate Professor,Oberlin College,https://scholar.google.com/citations?user=PS-r0aAAAAAJ&hl=en
Stephen Checkoway,Associate Professor,Oberlin College,https://scholar.google.com/citations?user=EhRzLhQAAAAJ&hl=en
Chris Cianci,Assistant Professor,Occidental College,https://scholar.google.com/citations?user=I5AuHTkAAAAJ&hl=en
Hector M. Camarillo Abad,Assistant Professor,Occidental College,https://scholar.google.com/citations?user=U-im7ioAAAAJ&hl=en
Hsing-Hau Chen,Associate Professor,Occidental College,https://scholar.google.com/citations?user=h_SIpNkAAAAJ&hl=en
Joel Walsh,Assistant Professor,Occidental College,https://scholar.google.com/citations?user=vjI3KY4AAAAJ&hl=en
Justin Li,Associate Professor,Occidental College,https://scholar.google.com/citations?user=ZFBRntcAAAAJ&hl=en
Kathryn Leonard,Professor,Occidental College,https://scholar.google.com/citations?user=2OvMZAcAAAAJ&hl=en
Meiqing Zhang,Assistant Professor,Occidental College,https://scholar.google.com/citations?user=WbNrf9IAAAAJ&hl=en
Teddy Pozo,Assistant Professor,Occidental College,https://scholar.google.com/citations?user=mF4ZEVsAAAAJ&hl=en
Treena Basu,Associate Professor,Occidental College,https://scholar.google.com/citations?user=pSvbuX8AAAAJ&hl=en
Mehwish Abbasi,Assistant Professor,Ohio Wesleyan University,https://scholar.google.com/citations?hl=en&user=nCXDqTUAAAAJ
Alexandra Papoutsaki,Associate Professor,Pomona College,https://scholar.google.com/citations?user=eR2Drb4AAAAJ&hl=en
Andrew T. Wilson,Lecturer,Pomona College,https://scholar.google.com/citations?user=u7LexgcAAAAJ&hl=en
Anthony Clark,Assistant Professor,Pomona College,https://scholar.google.com/citations?user=jXXsUekAAAAJ&hl=en
David R. Kauchak,Professor,Pomona College,https://scholar.google.com/citations?user=vWEw8IsAAAAJ&hl=en
Eleanor Birrell,Associate Professor,Pomona College,https://scholar.google.com/citations?user=DzS4K0IAAAAJ&hl=en
Jingyi Li,Assistant Professor,Pomona College,https://scholar.google.com/citations?user=PMVUPvIAAAAJ&hl=en
Joseph C. Osborn,Associate Professor,Pomona College,https://scholar.google.com/citations?user=04S3fL0AAAAJ&hl=en
Michael Zlatin,Assistant Professor,Pomona College,https://scholar.google.com/citations?user=h8apFZsAAAAJ&hl=en
Sam Thomas,Assistant Professor,Pomona College,https://scholar.google.com/citations?user=Hv9wU6UAAAAJ&hl=en
Tzu-Yi Chen,Professor,Pomona College,https://scholar.google.com/citations?user=49Yd2vAAAAAJ&hl=en
Yuqing Melanie Wu,Professor,Pomona College,https://scholar.google.com/citations?user=jh1UTroAAAAJ&hl=en
Gregory Goeckel,Professor,Presbyterian College,https://scholar.google.com/citations?hl=en&user=SddH7PIAAAAJ
Olivia Nche,Assistant Professor,Presbyterian College,https://scholar.google.com/citations?hl=en&user=En0FaUwAAAAJ
Brad Spendlove,Associate Professor,Randolph College,https://scholar.google.com/citations?user=f8QBCkoAAAAJ&hl=en
Jia Wan,Associate Professor,Randolph College,https://scholar.google.com/citations?user=8VCYME8AAAAJ&hl=en
Marc Ordower,Visiting Associate Professor,Randolph College,https://scholar.google.com/citations?hl=en&user=YAhc_LMAAAAJ
John W. McManus,Associate Professor,Randolph-Macon College,https://scholar.google.com/citations?user=X_WPtEsAAAAJ&hl=en
La Toria H. Tookes,Senior Lecturer,Randolph-Macon College,https://scholar.google.com/citations?hl=en&user=aAYqV_gAAAAJ
Maha Elouni,Assistant Professor,Randolph-Macon College,https://scholar.google.com/citations?user=tmE_HOoAAAAJ&hl=en
Rance Necaise,Associate Professor,Randolph-Macon College,https://scholar.google.com/citations?user=ld954bcAAAAJ&hl=en
Robin M. Givens,Associate Professor,Randolph-Macon College,https://scholar.google.com/citations?user=ld954bcAAAAJ&hl=en
Samuel Henry,Assistant Professor,Randolph-Macon College,https://scholar.google.com/citations?user=xJvS204AAAAJ&hl=en
Adam Groce,Associate Professor,Reed College,https://scholar.google.com/citations?user=JpB-xkUAAAAJ&hl=en
Erica Blum,Assistant Professor,Reed College,https://scholar.google.com/citations?hl=en&user=IdVZlwMAAAAJ
Greg Anderson,Assistant Professor,Reed College,https://scholar.google.com/citations?user=CCp5zB4AAAAJ&hl=en
Harper Knittel,Assistant Professor,Reed College,https://scholar.google.com/citations?hl=en&user=kpukYeAAAAAJ
Jim Fix,Professor,Reed College,https://scholar.google.com/citations?user=qea4NysAAAAJ&hl=en
Addison Schwamb,Assistant Professor,Rhodes College,https://scholar.google.com/citations?user=wCjQ_jkAAAAJ&hl=en
Betsy Sanders,Professor,Rhodes College,https://scholar.google.com/citations?user=n66KjYAAAAAJ&hl=en
Brian Larkins,Associate Professor,Rhodes College,https://scholar.google.com/citations?user=gW3i13wAAAAJ&hl=en
Jace King,Visiting Assistant Professor,Rhodes College,https://scholar.google.com/citations?user=E9E7t7UAAAAJ&hl=en
Mark Cooper,Adjunct Assistant Professor,Rhodes College,https://scholar.google.com/citations?user=eUCWyrwAAAAJ&hl=en
Matt Superdock,Assistant Professor,Rhodes College,https://scholar.google.com/citations?user=ch9MXlAAAAAJ&hl=en
Phillip Kirlin,Associate Professor,Rhodes College,https://scholar.google.com/citations?user=mbh3l9sAAAAJ&hl=en
Sean Kugele,Assistant Professor,Rhodes College,https://scholar.google.com/citations?user=19vOmvQAAAAJ&hl=en
Anil Shende,Professor,Roanoke College,https://scholar.google.com/citations?hl=en&user=43pn2o4AAAAJ
Durell Bouchard,Associate Professor,Roanoke College,https://scholar.google.com/citations?user=ked9-hcAAAAJ
Wale Sekoni,Assistant Professor,Roanoke College,https://scholar.google.com/citations?user=ljyqpYIAAAAJ&hl=en
Adam Albina,Assistant Professor,Saint Anselm College,https://scholar.google.com/citations?user=8b8RLggAAAAJ&hl=en
Michael Huelsman,Assistant Professor,Saint Anselm College,https://scholar.google.com/citations?hl=en&user=8mVW2SIAAAAJ
Mitra Mohtarami,Assistant Professor,Saint Anselm College,https://scholar.google.com/citations?user=8b8RLggAAAAJ&hl=en
Rajesh Prasad,Associate Professor,Saint Anselm College,https://scholar.google.com/citations?user=ta3marIAAAAJ&hl=en
Aarathi Prasad,Associate Professor,Skidmore College,https://scholar.google.com/citations?user=L35ZiqwAAAAJ&hl=en
Christine Reilly,Associate Professor,Skidmore College,https://scholar.google.com/citations?user=VDKLisoAAAAJ&hl=en
David Read,Associate Teaching Professor,Skidmore College,https://scholar.google.com/citations?user=2LC1d3QAAAAJ&hl=en
Esma Wali,Visiting Assistant Professor,Skidmore College,https://scholar.google.com/citations?user=Mfu2vyUAAAAJ&hl=en
Michael Eckmann,Associate Professor,Skidmore College,https://scholar.google.com/citations?user=Q5EjE5EAAAAJ&hl=en
Nelson Dellis,Visiting Assistant Professor,Skidmore College,https://scholar.google.com/citations?user=EoY5Db0AAAAJ&hl=en
Thomas O'Connell,Associate Professor,Skidmore College,https://scholar.google.com/citations?user=lNQeAXEAAAAJ&hl=en
Wenlu Du,Assistant Professor,Skidmore College,https://scholar.google.com/citations?user=oVSoVywAAAAJ&hl=en
Ab Mosca,Visiting Assistant Professor,Smith College,https://scholar.google.com/citations?user=vjjrI9sAAAAJ&hl=en
Halie Rando,Assistant Professor,Smith College,https://scholar.google.com/citations?user=gWtl3GwAAAAJ&hl=en
Hia Ghosh,Lecturer,Smith College,https://scholar.google.com/citations?user=olIhQzAAAAAJ&hl=en
Ileana Streinu,Professor,Smith College,https://scholar.google.com/citations?user=eigpQpsAAAAJ&hl=en
Jamie Macbeth,Associate Professor,Smith College,https://scholar.google.com/citations?user=leoVUAwAAAAJ&hl=en
Johanna Brewer,Assistant Professor,Smith College,https://scholar.google.com/citations?user=QIneXuUAAAAJ&hl=en
Katherine M. Kinnaird,Associate Professor,Smith College,https://scholar.google.com/citations?user=thI0iAkAAAAJ&hl=en
Michael Robson,Assistant Professor,Smith College,https://scholar.google.com/citations?user=s0IWIykAAAAJ&hl=en
Nicholas Howe,Professor,Smith College,https://scholar.google.com/citations?user=_PboCSwAAAAJ&hl=en
Pablo Frank Bolton,Lecturer,Smith College,https://scholar.google.com/citations?user=NbSsqjMAAAAJ&hl=en
R. Jordan Crouser,Associate Professor,Smith College,https://scholar.google.com/citations?hl=en&user=lnxO9joAAAAJ
Shinyoung Cho,Assistant Professor,Smith College,https://scholar.google.com/citations?user=NCVqJnUAAAAJ&hl=en
Ammon Hepworth,Assistant Professor,Southern Virginia University,https://scholar.google.com/citations?user=xcWxN30AAAAJ&hl=en
Arjun Chandrasekhar,Assistant Professor,Southwestern University,https://scholar.google.com/citations?user=NFszIc0AAAAJ&hl=en
Barbara M. Anthony,Professor,Southwestern University,https://scholar.google.com/citations?hl=en&user=FPmIiFkAAAAJ
Jacob Schrum,Associate Professor,Southwestern University,https://scholar.google.com/citations?user=mySt8HoAAAAJ&hl=en
A.J. Dykstra,Lecturer,St. Lawrence University,https://scholar.google.com/citations?user=x0XIjAIAAAAJ&hl=en
Choong-Soo Lee,Associate Professor,St. Lawrence University,https://scholar.google.com/citations?user=MG0Ig0cAAAAJ&hl=en
Daniel Condon,Assistant Professor,St. Lawrence University,https://scholar.google.com/citations?hl=en&user=xcp6mdgAAAAJ
Daniel M Look,Professor,St. Lawrence University,https://scholar.google.com/citations?user=dzui_8cAAAAJ&hl=en
Duncan Melville,Professor,St. Lawrence University,https://scholar.google.com/citations?user=ZnIFC9oAAAAJ&hl=en
Ed Harcourt,Professor,St. Lawrence University,https://scholar.google.com/citations?user=x_oZs9IAAAAJ&hl=vi
Gabriel Dorfsman-Hopkins,Assistant Professor,St. Lawrence University,https://scholar.google.com/citations?hl=en&user=raZe1vAAAAAJ
Ivan Ramler,Associate Professor,St. Lawrence University,https://scholar.google.com/citations?user=WPfeIsUAAAAJ&hl=en
Jessica Chapman,Professor,St. Lawrence University,https://scholar.google.com/citations?user=0hE7jr8AAAAJ&hl=en
Kevin A. Angstadt,Associate Professor,St. Lawrence University,https://scholar.google.com/citations?user=_xSeKAkAAAAJ&hl=en
Leiyue Li,Assistant Professor,St. Lawrence University,https://scholar.google.com/citations?hl=en&user=BiPE7h0AAAAJ
Lisa Torrey,Associate Professor,St. Lawrence University,https://scholar.google.com/citations?user=FkbF9pYAAAAJ&hl=en
Maegan K. Bos,Associate Professor,St. Lawrence University,https://scholar.google.com/citations?user=mawmUR4AAAAJ&hl=en
Matt Higham,Associate Professor,St. Lawrence University,https://scholar.google.com/citations?user=vNlUUYsAAAAJ&hl=en
Michael Schuckers,Professor,St. Lawrence University,https://scholar.google.com/citations?user=vmzOZbcAAAAJ&hl=de
Patti Frazer Lock,Professor,St. Lawrence University,https://scholar.google.com/citations?user=tdjdxCkAAAAJ
Robin Lock,Professor,St. Lawrence University,https://scholar.google.com/citations?hl=en&user=yKtBugEAAAAJ
Bob Tracy,Adjunct Instructor,St. Mary's College of Maryland,https://scholar.google.com/citations?hl=en&user=H4WDUpcAAAAJ
Emily Barranca,Assistant Professor,St. Mary's College of Maryland,https://scholar.google.com/citations?user=v5OjzV0AAAAJ&hl=en
Muhieddine Shebaro,Visiting Assistant Professor,St. Mary's College of Maryland,https://scholar.google.com/citations?user=OOL5AyIAAAAJ&hl=en
Richard Young,Adjunct Professor,St. Mary's College of Maryland,https://scholar.google.com/citations?hl=en&user=lRTRxSIAAAAJ
Sayan Goswami,Assistant Professor,St. Mary's College of Maryland,https://scholar.google.com/citations?user=_WXkxGQAAAAJ&hl=en
Simon Read,Associate Professor,St. Mary's College of Maryland,https://scholar.google.com/citations?hl=en&user=pr8YcVIAAAAJ
Waqar Saleem,Associate Professor,St. Mary's College of Maryland,https://scholar.google.com/citations?user=-YdA5D8AAAAJ
Seth Meyer,Professor,St. Norbert College,https://scholar.google.com/citations?user=6V5EszAAAAAJ&hl=en
Barbara Johnson,Visiting Assistant Professor,St. Olaf College,https://scholar.google.com/citations?user=s9BXEjgAAAAJ&hl=en
Jaime Davila,Associate Professor,St. Olaf College,https://scholar.google.com/citations?user=XjCGeVYAAAAJ&hl=en
Kodjo Houssou,Visiting Instructor,St. Olaf College,https://scholar.google.com/citations?user=OybnPn8AAAAJ&hl=en
Matthew Wright,Associate Professor,St. Olaf College,https://scholar.google.com/citations?user=1p8KYEIAAAAJ&hl=en
Melissa Lynn,Assistant Professor,St. Olaf College,https://scholar.google.com/citations?user=OybnPn8AAAAJ&hl=en
Olaf Hall-Holt,Associate Professor,St. Olaf College,https://scholar.google.com/citations?user=1p8KYEIAAAAJ&hl=en
Ryota Matsuura,Professor,St. Olaf College,https://scholar.google.com/citations?user=tJTR1oJZcp4C&hl=en
Will Leeson,Assistant Professor,St. Olaf College,https://scholar.google.com/citations?user=RBgNb_kAAAAJ&hl=en
Hamza M. Elhamdadi,Assistant Professor,Stonehill College,https://scholar.google.com/citations?user=klfeBgIAAAAJ&hl=en
Samuel Goree,Assistant Professor,Stonehill College,https://scholar.google.com/citations?user=1yJs7GgAAAAJ&hl=en
Sharmishtha Dutta,Assistant Professor,Stonehill College,https://scholar.google.com/citations?user=s0z7HewAAAAJ&hl=en
Alathea Jensen,Associate Professor,Susquehanna University,https://scholar.google.com/citations?hl=en&user=VR9Pz14AAAAJ
Alexander Wilce,Professor,Susquehanna University,https://scholar.google.com/citations?user=xCwWBg8AAAAJ&hl=en
Anusha Veluswamy,Assistant Professor,Susquehanna University,https://scholar.google.com/citations?user=XYkJHdkAAAAJ&hl=en
Edisanter Lo,Professor,Susquehanna University,https://scholar.google.com/citations?user=_rEk0ncAAAAJ&hl=en
Jeffrey Graham,Associate Professor,Susquehanna University,https://scholar.google.com/citations?user=RxphYqwAAAAJ&hl=en
Steven Scheirer,Assistant Professor,Susquehanna University,https://scholar.google.com/citations?user=3n9FWf4AAAAJ&hl=en
Ameet Soni,Associate Professor,Swarthmore College,https://scholar.google.com/citations?user=HPYGJ8gAAAAJ&hl=en
Andrew Danner,Professor,Swarthmore College,https://scholar.google.com/citations?user=5arl_Q8AAAAJ&hl=en
Ben Mitchell,Assistant Professor,Swarthmore College,https://scholar.google.com/citations?user=xNRziXcAAAAJ&hl=en
Charlie Kazer,Lab Instructor,Swarthmore College,https://scholar.google.com/citations?user=EZppqzoAAAAJ&hl=en
Gabriel Hope,Visiting Assistant Professor,Swarthmore College,https://scholar.google.com/citations?hl=en&user=zFMN24cAAAAJ
Joshua Brody,Associate Professor,Swarthmore College,https://scholar.google.com/citations?user=FP9jNNkAAAAJ&hl=en
Keith O'Hara,Associate Professor,Swarthmore College,https://scholar.google.com/citations?user=LXr-dOQAAAAJ&hl=en
Kevin Webb,Associate Professor,Swarthmore College,https://scholar.google.com/citations?user=oJyWHW0AAAAJ&hl=en
Lila Fontes,Associate Professor,Swarthmore College,https://scholar.google.com/citations?user=lIKNXiYAAAAJ&hl=en
Nathaniel Grammel,Visiting Assistant Professor,Swarthmore College,https://scholar.google.com/citations?user=ldWF9aYAAAAJ&hl=en
Neil Lutz,Visiting Assistant Professor,Swarthmore College,https://scholar.google.com/citations?user=aw4FZEIAAAAJ&hl=en
Ranysha Ware,Assistant Professor,Swarthmore College,https://scholar.google.com/citations?user=uVdgpL8AAAAJ&hl=en
Rich Wicentowski,Professor,Swarthmore College,https://scholar.google.com/citations?user=kl7fn3gAAAAJ&hl=en
Sukrit Venkatagiri,Assistant Professor,Swarthmore College,https://scholar.google.com/citations?user=f9JCcxAAAAAJ&hl=en
Tia Newhall,Professor,Swarthmore College,https://scholar.google.com/citations?user=TcipDegAAAAJ&hl=en
Vasanta Chaganti,Associate Professor,Swarthmore College,https://scholar.google.com/citations?user=WQn_ygoAAAAJ&hl=en
Zachary Palmer,Associate Professor,Swarthmore College,https://scholar.google.com/citations?user=0_e4C00AAAAJ&hl=en
Catherine Cavagnaro,Professor,The University of the South,https://scholar.google.com/citations?user=F0XeZiYAAAAJ&hl=en
Ross Sowell,Associate Professor,The University of the South,https://scholar.google.com/citations?user=QoUpqrYAAAAJ&hl=en
Stephen Carl,Associate Professor,The University of the South,https://scholar.google.com/citations?hl=en&user=lHXR-zNi00AC
Marcus Brumfield,Assistant Professor,Tougaloo College,https://scholar.google.com/citations?hl=en&user=mgItsboAAAAJ
Bobby England,Professor,Transylvania University,https://scholar.google.com/citations?user=HIQ-LGMAAAAJ&hl=en
Kenny Moorman,Professor,Transylvania University,https://scholar.google.com/citations?user=AWHaCykAAAAJ&hl=en
Chandranil Chakraborttii,Assistant Professor,Trinity College,https://scholar.google.com/citations?user=IvKw05sAAAAJ&hl=en
Ewa Syta,Associate Professor,Trinity College,https://scholar.google.com/citations?user=sWHQCFIAAAAJ&hl=en
Jonathan Johnson,Visiting Lecturer,Trinity College,https://scholar.google.com/citations?user=N3Z4jx4AAAAJ&hl=en
Madalene Spezialetti,Associate Professor,Trinity College,https://scholar.google.com/citations?user=og2EQiUAAAAJ&hl=en
Maminur Islam,Assistant Professor,Trinity College,https://scholar.google.com/citations?user=tvxNJD0AAAAJ&hl=en
Peter A. Yoon,Professor,Trinity College,https://scholar.google.com/citations?user=8l9BcBAAAAAJ&hl=en
Takunari Miyazaki,Associate Professor,Trinity College,https://scholar.google.com/citations?user=e05y9xEAAAAJ&hl=ja
Britton Horn,Assistant Professor,Trinity University,https://scholar.google.com/citations?user=fTe-ACYAAAAJ&hl=en
Eduardo Davalos Anaya,Assistant Professor,Trinity University,https://scholar.google.com/citations?user=tAszlSkAAAAJ&hl=en
Eva Tuba,Assistant Professor,Trinity University,https://scholar.google.com/citations?user=GlKwwMQAAAAJ&hl=en
Johanna Jacob,Assistant Professor,Trinity University,https://scholar.google.com/citations?user=YJ3ls7YAAAAJ&hl=en
Matthew Hibbs,Associate Professor,Trinity University,https://scholar.google.com/citations?user=XOrGKF4AAAAJ&hl=en
Paul Myers,Professor,Trinity University,https://scholar.google.com/citations?user=uvszLnAAAAAJ&hl=en
Seth Fogarty,Associate Professor,Trinity University,https://scholar.google.com/citations?user=teTBejQAAAAJ&hl=en
Sheng Tan,Associate Professor,Trinity University,https://scholar.google.com/citations?user=vhUYV3gAAAAJ&hl=en
Yu Zhang,Professor,Trinity University,https://scholar.google.com/citations?user=lodtnAYAAAAJ&hl=en
Zeyu Chen,Visiting Assistant Professor,Trinity University,https://scholar.google.com/citations?user=LCzu9MEAAAAJ&hl=en
Aaron Cass,Associate Professor,Union College (NY),https://scholar.google.com/citations?user=IF-mw2wAAAAJ&hl=es
Arjun Viswanathan,Visiting Assistant Professor,Union College (NY),https://scholar.google.com/citations?user=o3mIkGsAAAAJ&hl=en
Chris Fernandes,Professor,Union College (NY),https://scholar.google.com/citations?user=8C87yoIAAAAJ&hl=en
Georgia Doing,Visiting Assistant Professor,Union College (NY),https://scholar.google.com/citations?hl=en&user=-GDlWUMAAAAJ
John Rieffel,Professor,Union College (NY),https://scholar.google.com/citations?user=mOlQZ30AAAAJ&hl=en
Kristina Striegnitz,Associate Professor,Union College (NY),https://scholar.google.com/citations?user=aXn42y8AAAAJ&hl=en
Matt Anderson,Associate Professor,Union College (NY),https://scholar.google.com/citations?user=KltZGjMAAAAJ&hl=en
Nick Webb,Associate Professor,Union College (NY),https://scholar.google.com/citations?hl=en&user=_Sq0ebwAAAAJ
Shruti Mahajan,Assistant Professor,Union College (NY),https://scholar.google.com/citations?user=Kw4ZWScAAAAJ&hl=en
TJ Schlueter,Visiting Assistant Professor,Union College (NY),https://scholar.google.com/citations?user=JK4MjhsAAAAJ&hl=en
Andrew Marshall,Associate Professor,University of Mary Washington,https://scholar.google.com/citations?user=Re5zhb4AAAAJ&hl=en
Evan Coleman,Assistant Professor,University of Mary Washington,https://scholar.google.com/citations?hl=en&user=2a1LymgAAAAJ
Gusty Cooper,Lecturer,University of Mary Washington,https://scholar.google.com/citations?hl=en&user=3rRYklUAAAAJ
Ian Finlayson,Associate Professor,University of Mary Washington,https://scholar.google.com/citations?user=m7qAS28AAAAJ&hl=en
Jennifer Polack,Professor,University of Mary Washington,https://scholar.google.com/citations?user=sBRijTcAAAAJ&hl=en
Jessica Zeitz,Associate Professor,University of Mary Washington,https://scholar.google.com/citations?user=p0MiE_QAAAAJ&hl=en
Josh Clements,Lecturer,University of Mary Washington,https://scholar.google.com/citations?hl=en&user=UaV-Q6IAAAAJ
Karen Anewalt,Professor,University of Mary Washington,https://scholar.google.com/citations?hl=en&user=060zUaAAAAAJ
Prashant Chandrasekar,Assistant Professor,University of Mary Washington,https://scholar.google.com/citations?user=ccMZ46IAAAAJ&hl=en
Stephen Davies,Professor,University of Mary Washington,https://scholar.google.com/citations?hl=en&user=9pkpxRoAAAAJ
Xin-Wen Wu,Associate Professor,University of Mary Washington,https://scholar.google.com/citations?user=wSESyXH7LoMC&hl=en
Elena Machkasova,Associate Professor,University of Minnesota Morris,https://scholar.google.com/citations?user=ZiP_z-IAAAAJ&hl=en
Kristin Lamberty,Associate Professor,University of Minnesota Morris,https://scholar.google.com/citations?hl=en&user=hbkmFjcAAAAJ
Nic McPhee,Professor,University of Minnesota Morris,https://scholar.google.com/citations?user=iQlsotIAAAAJ&hl=en
Peter Dolan,Associate Professor,University of Minnesota Morris,https://scholar.google.com/citations?hl=en&user=D43qGz4AAAAJ
Wenkai Guan,Assistant Professor,University of Minnesota Morris,https://scholar.google.com/citations?user=fJriImAAAAAJ&hl=en
Adam Whitley,Assistant Professor,University of North Carolina Asheville,https://scholar.google.com/citations?user=L4AE2yYAAAAJ&hl=en
Farzana Rashid,Assistant Professor,University of North Carolina Asheville,https://scholar.google.com/citations?user=j6dP4yEAAAAJ&hl=en
Kenneth Bogert,Associate Professor,University of North Carolina Asheville,https://scholar.google.com/citations?user=HYCHbSUAAAAJ&hl=en
Kevin Sanft,Professor,University of North Carolina Asheville,https://scholar.google.com/citations?user=epScuekAAAAJ&hl=en
Marietta Cameron,Professor,University of North Carolina Asheville,https://scholar.google.com/citations?hl=en&user=ZIP3bdUAAAAJ
Michael Sarris,Lecturer,University of North Carolina Asheville,https://scholar.google.com/citations?user=3C0yDU0AAAAJ&hl=el
Sarah Van Wart,Assistant Professor,University of North Carolina Asheville,https://scholar.google.com/citations?user=SznLjBcAAAAJ&hl=en
Adam Smith,Associate Professor,University of Puget Sound,https://scholar.google.com/citations?user=fkGi-JMAAAAJ&hl=en
Alison Paradise,Instructor,University of Puget Sound,https://scholar.google.com/citations?user=rWPBP7IAAAAJ&hl=en
America Chambers,Associate Professor,University of Puget Sound,https://scholar.google.com/citations?hl=en&view_op=top_venues&vq=phy_acousticssound
Cynthia Gibson,Visiting Assistant Professor,University of Puget Sound,https://scholar.google.com/citations?user=GiA5yIsAAAAJ&hl=en
David Chiu,Professor,University of Puget Sound,https://scholar.google.com/citations?user=HwaZjxcAAAAJ&hl=en
Jake Price,Associate Professor,University of Puget Sound,https://scholar.google.com/citations?user=3SyZAb8AAAAJ&hl=en
Maddie Weinstein,Associate Professor,University of Puget Sound,https://scholar.google.com/citations?user=rz3qFaQAAAAJ&hl=en
Marissa Masden,Assistant Professor,University of Puget Sound,https://scholar.google.com/citations?hl=en&user=7RQU0k0AAAAJ
Sara Johnson,Visiting Assistant Professor,University of Puget Sound,https://scholar.google.com/citations?user=eMvbVTsAAAAJ&hl=fil
Sunita Chepuri,Associate Professor,University of Puget Sound,https://scholar.google.com/citations?user=3SyZAb8AAAAJ&hl=en
Arthur Charlesworth,Professor,University of Richmond,https://scholar.google.com/citations?user=dGDG7iMAAAAJ&hl=en
Barry Lawson,Professor,University of Richmond,
Catherine Finegan-Dollak,Assistant Professor,University of Richmond,https://scholar.google.com/citations?user=WeKGg44AAAAJ&hl=en
Douglas Szajda,Associate Professor,University of Richmond,https://scholar.google.com/citations?user=_bw-eZIAAAAJ&hl=en
Joonsuk Park,Associate Professor,University of Richmond,https://scholar.google.com/citations?user=3SPMM3oAAAAJ&hl=en
M Charity,Assistant Professor,University of Richmond,https://scholar.google.com/citations?user=AKXHtd8AAAAJ&hl=en
Mmachi Obiorah,Assistant Professor,University of Richmond,https://scholar.google.com/citations?user=9501B3IAAAAJ&hl=en
Patrick Martin,Assistant Professor,University of Richmond,https://scholar.google.com/citations?user=-aGXo9cAAAAJ&hl=en
Prateek Bhakta,Associate Professor,University of Richmond,https://scholar.google.com/citations?hl=en&user=H7mK4S8AAAAJ
Shweta Ware,Associate Professor,University of Richmond,https://scholar.google.com/citations?user=Uk0rcfMAAAAJ&hl=en
Volkan Bakirdan,Adjunct Instructor,University of Richmond,https://scholar.google.com/citations?user=akkK0dwAAAAJ&hl=en
William F. Prior,Adjunct Instructor,University of Richmond,https://scholar.google.com/citations?hl=en&user=W68nbkQAAAAJ
Yucong Jiang,Associate Professor,University of Richmond,https://scholar.google.com/citations?user=RD0UlhwAAAAJ&hl=en
C Karen,Associate Professor,University of Virginia--Wise,
E Alex,Adjunct Instructor,University of Virginia--Wise,
F David,Senior Instructor,University of Virginia--Wise,https://scholar.google.com/citations?user=QPECbwkAAAAJ&hl=en
H Robert,Associate Professor,University of Virginia--Wise,
L Shilpa,Assistant Professor,University of Virginia--Wise,https://scholar.google.com/citations?user=2qO07EwAAAAJ&hl=en&oi=ao
S Jacob,Professor,University of Virginia--Wise,https://scholar.google.com/citations?user=PEKLScoAAAAJ&hl=en
Christopher Sadowski,Associate Professor,Ursinus College,https://scholar.google.com/citations?hl=en&user=EMHBeCYAAAAJ
David Henry,Instructor,Ursinus College,https://scholar.google.com/citations?user=Gvjj1hkAAAAJ&hl=en
Eric Mawuena Takyi,Assistant Professor,Ursinus College,https://scholar.google.com/citations?user=Hw5aDgUAAAAJ&hl=en
Hugo Moises Montesinos-Yufa,Associate Professor,Ursinus College,https://scholar.google.com/citations?user=W2GImgkAAAAJ&hl=en
Leslie New,Associate Professor,Ursinus College,https://scholar.google.com/citations?user=P9JQOi8AAAAJ&hl=en
Lisa A. Grossbauer,Assistant Professor,Ursinus College,
Nicholas Scoville,Professor,Ursinus College,https://scholar.google.com/citations?user=P9JQOi8AAAAJ&hl=en
Olena Kozhushkina,Associate Professor,Ursinus College,https://scholar.google.com/citations?hl=en&user=ZOFbsGIAAAAJ
Susan Adam,Instructor,Ursinus College,https://scholar.google.com/citations?user=P9JQOi8AAAAJ&hl=en
William Mongan,Associate Professor,Ursinus College,https://scholar.google.com/citations?user=LJ1vhCcAAAAJ&hl=en
Anna Gommerstadt,Assistant Professor,Vassar College,https://scholar.google.com/citations?user=EpQx8hQAAAAJ&hl=en
Heather Newman,Assistant Professor,Vassar College,https://scholar.google.com/citations?user=kfN8iy8AAAAJ&hl=en
Jacob Erickson,Visiting Assistant Professor,Vassar College,https://scholar.google.com/citations?user=qiYVqhsAAAAJ&hl=en
Jason Waterman,Associate Professor,Vassar College,https://scholar.google.com/citations?hl=en&user=2zXjGNMAAAAJ
Jonathan Gordon,Assistant Professor,Vassar College,https://scholar.google.com/citations?user=1FP7yLYAAAAJ&hl=en
Logan Stapleton,Assistant Professor,Vassar College,https://scholar.google.com/citations?user=eyZ_qHEAAAAJ&hl=en
Luke Hunsberger,Professor,Vassar College,https://scholar.google.com/citations?user=yL2U-IkAAAAJ&hl=en
Marc L. Smith,Professor,Vassar College,https://scholar.google.com/citations?user=XDLmU2gAAAAJ&hl=en
Peter Lemieszewski,Visiting Assistant Professor,Vassar College,https://scholar.google.com/citations?hl=en&user=8R7ycwMAAAAJ
Rui Manuel Pacheco Meireles,Associate Professor,Vassar College,https://scholar.google.com/citations?user=jdVkaIcAAAAJ&hl=en
Abdullah Al-Alaj,Assistant Professor,Virginia Wesleyan University,https://scholar.google.com/citations?user=3m5CSMAAAAAJ&hl=en
Zizhong J. Wang,Professor,Virginia Wesleyan University,https://scholar.google.com/citations?user=SVEzOXYAAAAJ&hl=en
Alison Rosenblum,Visiting Assistant Professor,Wabash College,
Chad Westphal,Professor,Wabash College,https://scholar.google.com/citations?hl=en&user=5WcgOxMAAAAJ
Colin McKinney,Associate Professor,Wabash College,https://scholar.google.com/citations?hl=en&user=CriDWLEAAAAJ
Katie Ansaldi,Associate Professor,Wabash College,
Qixin Deng,Assistant Professor,Wabash College,https://scholar.google.com/citations?user=DtjBcf8AAAAJ&hl=en
Ryeongkyung Yoon,Assistant Professor,Wabash College,https://scholar.google.com/citations?user=q6qMGNAAAAAJ&hl=en
Timur Akhunov,Assistant Professor,Wabash College,
William J. Turner,Associate Professor,Wabash College,https://scholar.google.com/citations?user=nX8O2hsAAAAJ&hl=en
Jim Jacobs,Assistant Professor,Wartburg College,https://scholar.google.com/citations?user=4kOdChQAAAAJ&hl=en
Terry Letsche,Associate Professor,Wartburg College,https://scholar.google.com/citations?user=yQ2GLMIAAAAJ&hl=en
Amanda Holland-Minkley,Professor,Washington & Jefferson College,https://scholar.google.com/citations?hl=en&user=lOxCHUoAAAAJ
Charles Hannon,Professor,Washington & Jefferson College,https://scholar.google.com/citations?user=37V673QAAAAJ&hl=en
John Ladd,Assistant Professor,Washington & Jefferson College,https://scholar.google.com/citations?user=J6tt69QAAAAJ&hl=en
Rebecca Rapp,Assistant Professor,Washington & Jefferson College,https://scholar.google.com/citations?user=_weTWTYAAAAJ&hl=en
Elizabeth Matthews,Associate Professor,Washington and Lee University,https://scholar.google.com/citations?user=TJH3qCwAAAAJ&hl=en
Kefu Lu,Associate Professor,Washington and Lee University,https://scholar.google.com/citations?user=IlZ0qUAAAAAJ&hl=en
Nicholas Gardella,Assistant Professor,Washington and Lee University,https://scholar.google.com/citations?user=l9UoasoAAAAJ&hl=en
Sara Sprenkle,Associate Professor,Washington and Lee University,https://scholar.google.com/citations?user=C236-ioAAAAJ&hl=en
Simon Levy,Professor,Washington and Lee University,https://scholar.google.com/citations?hl=en&user=HIj-rdQAAAAJ
Trevor Stalnaker,Assistant Professor,Washington and Lee University,https://scholar.google.com/citations?user=f_ZZDNYAAAAJ&hl=en
Austin Lobo,Associate Professor,Washington College,https://scholar.google.com/citations?user=TJhPg5oAAAAJ&hl=en
Heather Switzer,Assistant Professor,Washington College,https://scholar.google.com/citations?user=wvTLjXgAAAAJ&hl=en
Shaun Ramsey,Professor,Washington College,https://scholar.google.com/citations?user=r2GKGs4AAAAJ&hl=en
Alexa VanHattum,Assistant Professor,Wellesley College,https://scholar.google.com/citations?user=niKmcN0AAAAJ&hl=en
Brian Brubach,Assistant Professor,Wellesley College,https://scholar.google.com/citations?user=JFkDzroAAAAJ&hl=en
Brian Tjaden,Professor,Wellesley College,https://scholar.google.com/citations?user=LpyfNEgAAAAJ&hl=en
Carolyn Anderson,Assistant Professor,Wellesley College,https://scholar.google.com/citations?user=tJ2RaucAAAAJ&hl=en
Catherine Grevet Delcourt,Associate Professor,Wellesley College,https://scholar.google.com/citations?user=lugBcC8AAAAJ&hl=en
Christine Bassem,Associate Professor,Wellesley College,https://scholar.google.com/citations?user=wxcghcwAAAAJ&hl=en
Eni Mustafaraj,Associate Professor,Wellesley College,https://scholar.google.com/citations?user=QTP6jogAAAAJ&hl=en
Franklyn Turbak,Associate Professor,Wellesley College,https://scholar.google.com/citations?user=2K_KqskAAAAJ&hl=en
Jordan Tynes,Assistant Teaching Professor,Wellesley College,https://scholar.google.com/citations?user=7kbd5cQAAAAJ&hl=en
Orit Shaer,Associate Professor,Wellesley College,https://scholar.google.com/citations?user=T6Qvl9oAAAAJ&hl=en
Panagiotis Metaxas,Professor,Wellesley College,https://scholar.google.com/citations?user=7tc03WEAAAAJ&hl=en
Peter Mawhorter,Associate Teaching Professor,Wellesley College,https://scholar.google.com/citations?user=XPYMp5sAAAAJ&hl=en
Sara Melnick,Assistant Teaching Professor,Wellesley College,https://scholar.google.com/citations?hl=en&user=cBSP328AAAAJ
Scott Anderson,Associate Teaching Professor,Wellesley College,https://scholar.google.com/citations?user=tJ2RaucAAAAJ&hl=en
Smaranda Sandu,Assistant Teaching Professor,Wellesley College,https://scholar.google.com/citations?user=V_gDAxAAAAAJ&hl=en
Stella Kakavouli,Teaching Professor,Wellesley College,https://scholar.google.com/citations?user=bVtATjgAAAAJ&hl=en
Vinitha Gadiraju,Assistant Professor,Wellesley College,https://scholar.google.com/citations?user=zMyR_X4AAAAJ&hl=tr
Yaniv Yacoby,Assistant Professor,Wellesley College,https://scholar.google.com/citations?user=nEhVgawAAAAJ&hl=en
Dan Licata,Associate Professor,Wesleyan University,https://scholar.google.com/citations?user=eqVh7V0AAAAJ&hl=en
Daniel Krizanc,Professor,Wesleyan University,https://scholar.google.com/citations?user=YhYbuGgAAAAJ&hl=en
James Lipton,Professor,Wesleyan University,https://scholar.google.com/citations?user=PFJrOBMAAAAJ&hl=en
Norman Danner,Professor,Wesleyan University,https://scholar.google.com/citations?user=DAjt5XwAAAAJ&hl=en
Sebastian Zimmeck,Associate Professor,Wesleyan University,https://scholar.google.com/citations?user=2YlFc5wAAAAJ&hl=en
Sonia Roberts,Assistant Professor,Wesleyan University,https://scholar.google.com/citations?user=l9FIozYAAAAJ&hl=en
Victoria Ursula Manfredi,Associate Professor,Wesleyan University,https://scholar.google.com/citations?user=oOCABigAAAAJ&hl=en
Wai Kiu Chan,Professor,Wesleyan University,https://scholar.google.com/citations?user=HtFnRYgAAAAJ&hl=en
Yuxuan Mei,Assistant Professor,Wesleyan University,https://scholar.google.com/citations?user=4stIEywAAAAJ&hl=en
Heather Muchowski,Assistant Professor,Westminster College (PA),https://scholar.google.com/citations?user=gS2LPxgAAAAJ&hl=en
John P. Bonomo,Professor,Westminster College (PA),https://scholar.google.com/citations?user=QB3cbC8AAAAJ&hl=en
Natacha Fontes Merz,Associate Professor,Westminster College (PA),https://scholar.google.com/citations?user=ch6xV-IAAAAJ&hl=en
Devin Pohly,Senior Lecturer,Wheaton College (IL),https://scholar.google.com/citations?user=OEB8gu0AAAAJ&hl=en
Hyunju Kim,Associate Professor,Wheaton College (IL),https://scholar.google.com/citations?hl=en&user=J2munmYAAAAJ
Thomas VanDrunen,Professor,Wheaton College (IL),
Mark D. LeBlanc,Professor,Wheaton College (MA),https://scholar.google.com/citations?user=EZpjqh0AAAAJ&hl=en
Michael B. Gousie,Professor,Wheaton College (MA),https://scholar.google.com/citations?user=GB0BM-gAAAAJ&hl=en
Nicholas Almeder,Visiting Instructor,Wheaton College (MA),https://scholar.google.com/citations?user=05KB-zkAAAAJ&hl=en
Tony Tong,Assistant Professor,Wheaton College (MA),https://scholar.google.com/citations?user=JJGxmFoAAAAJ&hl=en
Janet Davis,Professor,Whitman College,https://scholar.google.com/citations?user=hJlrtW0AAAAJ&hl=en
John Stratton,Associate Professor,Whitman College,https://scholar.google.com/citations?user=v1Y1JfkAAAAJ&hl=en
Jordan Wirfs-Brock,Assistant Professor,Whitman College,https://scholar.google.com/citations?user=sHB-4YEAAAAJ&hl=en
Richard Torres Molina,Visiting Instructor,Whitman College,https://scholar.google.com/citations?user=AmV42f8AAAAJ&hl=en
Sachintha Pitigala,Visiting Assistant Professor,Whitman College,https://scholar.google.com/citations?user=tMqlSccAAAAJ&hl=en
William Bares,Associate Professor,Whitman College,https://scholar.google.com/citations?user=9xdPCFwAAAAJ&hl=en
Calvin K Deutschbein,Assistant Professor,Willamette University,https://scholar.google.com/citations?user=oX_DdgEAAAAJ
Fred Agbo,Assistant Professor,Willamette University,https://scholar.google.com/citations?user=mSqmwdgAAAAJ&hl=en
Haiyan Cheng,Professor,Willamette University,https://scholar.google.com/citations?user=Fust4loAAAAJ&hl=en
Heather Kitada Smalley,Associate Professor,Willamette University,https://scholar.google.com/citations?user=95CokZ8AAAAJ&hl=en
Hendrik Orem,Assistant Professor,Willamette University,https://scholar.google.com/citations?user=NGlHvcUAAAAJ&hl=en
Jed Rembold,Associate Professor,Willamette University,https://scholar.google.com/citations?user=FWDxXyAAAAAJ&hl=en
Kristen Gore,Assistant Professor,Willamette University,https://scholar.google.com/citations?hl=en&user=gHbO4FAAAAAJ
Lucas P Cordova,Assistant Professor,Willamette University,https://scholar.google.com/citations?user=NPTKR2oAAAAJ&hl=en
Rachel A Brown,Assistant Professor,Willamette University,https://scholar.google.com/citations?user=hcGGVvwAAAAJ&hl=en
Zechariah D Meunier,Assistant Professor,Willamette University,https://scholar.google.com/citations?hl=en&user=YDW_S30AAAAJ
Aaron Williams,Associate Professor,Williams College,https://scholar.google.com/citations?user=9wk-SkEAAAAJ&hl=en
Daniel Barowy,Associate Professor,Williams College,https://scholar.google.com/citations?user=1JCpYiEAAAAJ&hl=en
James Bern,Assistant Professor,Williams College,https://scholar.google.com/citations?user=RbpGItIAAAAJ&hl=en
Jeannie Albrecht,Professor,Williams College,https://scholar.google.com/citations?user=2d28jmIAAAAJ&hl=en
Katie Keith,Assistant Professor,Williams College,https://scholar.google.com/citations?user=8848cTsAAAAJ&hl=en
Kelly Shaw,Professor,Williams College,https://scholar.google.com/citations?user=t9SavGIAAAAJ&hl=en
Lucas Rosenblatt,Assistant Professor,Williams College,https://scholar.google.com/citations?user=cDwuS6gAAAAJ&hl=en
Mark Hopkins,Associate Professor,Williams College,https://scholar.google.com/citations?user=gGqR-CEAAAAJ&hl=en
Nate Chambers,Associate Professor,Williams College,https://scholar.google.com/citations?user=9ZRcemUAAAAJ&hl=en
Rohit Bhattacharya,Assistant Professor,Williams College,https://scholar.google.com/citations?user=KIvKEtcAAAAJ&hl=en
Samuel McCauley,Associate Professor,Williams College,https://scholar.google.com/citations?user=b8NUZ-MAAAAJ&hl=en
Shikha Singh,Associate Professor,Williams College,https://scholar.google.com/citations?user=0aLpDg4AAAAJ&hl=en
Stephen N. Freund,Professor,Williams College,https://scholar.google.com/citations?user=friM_CIAAAAJ&hl=en
William Jannen,Associate Professor,Williams College,https://scholar.google.com/citations?user=dwRPjp8AAAAJ&hl=en
Sunday Ngwobia,Assistant Professor,Wittenberg University,https://scholar.google.com/citations?user=_0ELdV0AAAAJ&hl=en
Theresa Wilson,Professor of Practice,Wittenberg University,https://scholar.google.com/citations?user=pWzjQJUAAAAJ&hl=en
Aaron L. Garrett,Associate Professor,Wofford College,https://scholar.google.com/citations?user=3HIFcgcAAAAJ&hl=en
Beau M. Christ,Associate Professor,Wofford College,https://scholar.google.com/citations?hl=en&user=7cOGzcwAAAAJ
Nicole Tobias,Assistant Professor,Wofford College,https://scholar.google.com/citations?user=VxZmIjcAAAAJ&hl=en
