name,title,college,field,subfields
April Grow,Lecturer,Albion College,Mathematics or Statistics,
Christopher Grow,Visiting Instructor,Albion College,Mathematics or Statistics,
Darren E. Mason,Professor,Albion College,Mathematics or Statistics,
David A. Reimann,Professor,Albion College,Mathematics or Statistics,
Mark E. Bollman,Professor,Albion College,Mathematics or Statistics,
Mauricio Marengoni,Associate Professor,Albion College,Computer Science,Computer vision|Machine learning|Artificial intelligence
Tim Clark,Associate Professor,Albion College,Mathematics or Statistics,
Yuming Zhang,Assistant Professor,Albion College,Computer Science,Computer graphics
Dave Kaul,Assistant Professor,Albright College,Computer Science,Computer graphics
David Kopec,Professor,Albright College,Computer Science,Computer science education|Artificial intelligence|Algorithms & complexity
Don Baldridge,Assistant Professor,Albright College,Computer Science,
Douglas Luman,Assistant Professor,Allegheny College,Computer Science,Natural language processing
Gregory Kapfhammer,Associate Professor,Allegheny College,Computer Science,Software engineering
Janyl Jumadinova,Associate Professor,Allegheny College,Computer Science,Robotics|Artificial intelligence
Oliver Bonham-Carter,Associate Professor,Allegheny College,Computer Science,Computational bio & bioinformatics|Data science
Andrew Wu,Assistant Professor,Amherst College,Computer Science,Artificial intelligence
John E. Rager,Professor,Amherst College,Computer Science,Artificial intelligence|Natural language processing
Kristy Gardner,Associate Professor,Amherst College,Computer Science,Algorithms & complexity|Measurement & performance analysis|Quantum computing|Distributed systems
Lee Spector,Professor,Amherst College,Computer Science,Artificial intelligence
Lillian C. Pentecost,Assistant Professor,Amherst College,Computer Science,Computer architecture|Computer networks|Distributed systems
Matteo Riondato,Associate Professor,Amherst College,Computer Science,Data science|Algorithms & complexity
Myroslav Kryven,Assistant Professor,Amherst College,Computer Science,Algorithms & complexity|Computational bio & bioinformatics
Scott F. Kaplan,Professor,Amherst College,Computer Science,Operating systems|Measurement & performance analysis
Scott P. Alfeld,Associate Professor,Amherst College,Computer Science,Computer security & privacy
Shira B. Wein,Assistant Professor,Amherst College,Computer Science,Natural language processing
Sophia Yoo,Assistant Professor,Amherst College,Computer Science,Computer networks|Computer security & privacy|Programming languages
Andrew P. Sward,Associate Professor,Augustana College,Mathematics or Statistics,
Brooke Randazzo,Assistant Professor,Augustana College,Mathematics or Statistics,
Forrest J. Stonedahl,Associate Professor,Augustana College,Computer Science,Artificial intelligence|Computer science education|Computational social science|Data science|Machine learning
Nidhi Mourya,Visiting Instructor,Augustana College,Computer Science,
Robert Dickerson,Assistant Professor,Augustana College,Computer Science,Programming languages|Logic & verification
Stacey Rodman,Professor,Augustana College,Mathematics or Statistics,
Zhengyi Li,Assistant Professor,Augustana College,Computer Science,Computer security & privacy|Distributed systems
Aaron Block,Associate Professor,Austin College,Computer Science,
Michael Higgs,Professor,Austin College,Computer Science,
Samuel Kroger,Assistant Professor,Austin College,Mathematics or Statistics,
Seema Aarella,Assistant Professor,Austin College,Computer Science,Computer security & privacy|Cryptography
Annabel Rothschild,Assistant Professor,Bard College,Computer Science,Human-computer interaction
Bob McGrail,Associate Professor,Bard College,Computer Science,Algorithms & complexity|Logic & verification
Emma Benser,Assistant Professor,Bard College,Computer Science,Computer science education
Jordan Ayala,Assistant Professor,Bard College,Computer Science,Data science
Kerri-Ann Norton,Associate Professor,Bard College,Computer Science,Computational bio & bioinformatics|Computer vision
Sven Anderson,Associate Professor,Bard College,Computer Science,Artificial intelligence|Human-computer interaction|Natural language processing
Theresa Law,Assistant Professor,Bard College,Computer Science,Human-computer interaction|Robotics
Valerie Barr,Professor,Bard College,Computer Science,Computer science education
Ahmer Arif,Assistant Professor,Barnard College,Computer Science,Human-computer interaction|Computer science education
Corey Toler-Franklin,Assistant Professor,Barnard College,Computer Science,Computer vision|Computer graphics
Eysa Lee,Assistant Professor,Barnard College,Computer Science,Cryptography
Lucy Simko,Assistant Professor,Barnard College,Computer Science,Computer security & privacy|Human-computer interaction
Mark Santolucito,Assistant Professor,Barnard College,Computer Science,Logic & verification|Programming languages
Rebecca Wright,Professor,Barnard College,Computer Science,Computer security & privacy|Distributed systems|Computer science education
Smaranda Muresan,Associate Professor,Barnard College,Computer Science,Natural language processing
Tiffany Tseng,Assistant Professor,Barnard College,Computer Science,Human-computer interaction
Ben Stucky,Assistant Professor,Beloit College,Computer Science,Algorithms & complexity
Eyad Haj Said,Associate Professor,Beloit College,Computer Science,Machine learning|Data science|Computer vision
Katherine Harris,Assistant Professor,Beloit College,Mathematics or Statistics,
Sohaib Kiani,Assistant Professor,Beloit College,Computer Science,Machine learning
Tom Stojsavljevic,Assistant Professor,Beloit College,Mathematics or Statistics,
Darcy Otto,Faculty,Bennington College,Computer Science,Artificial intelligence|Logic & verification|Algorithms & complexity|Quantum computing
Deanna Wilborne,Assistant Professor,Berea College,Computer Science,Machine learning|Computer security & privacy
Jacqueline Boggs,Assistant Professor,Berea College,Computer Science,Data science
Jan Pearce,Professor,Berea College,Computer Science,Computer science education|Robotics|Computational social science|Human-computer interaction
Jasmine Jones,Associate Professor,Berea College,Computer Science,Human-computer interaction|Computer science education|Computational social science
Mario Nakazawa,Associate Professor,Berea College,Computer Science,Distributed systems|Algorithms & complexity|Artificial intelligence|Operating systems
Scott Heggen,Associate Professor,Berea College,Computer Science,Embedded & real-time systems|Mobile computing|Software engineering
Alex Mathew,Associate Professor,Bethany College (WV),Computer Science,Computer security & privacy
Fujiko Nito,Professor,Bethany College (WV),Computer Science,
Perry Lund,Adjunct Assistant Professor,Bethany Lutheran College,Computer Science,Computer science education
Bobak Kiani,Assistant Professor,Bowdoin College,Computer Science,Quantum computing|Machine learning
Christopher Martin,Visiting Lecturer,Bowdoin College,Computer Science,
Cibele Matos Freire,Assistant Professor,Bowdoin College,Computer Science,Algorithms & complexity|Databases
David Byrd,Assistant Professor,Bowdoin College,Computer Science,Artificial intelligence|Machine learning
Jeffrey Knockel,Assistant Professor,Bowdoin College,Computer Science,Computer security & privacy
Jeová Farias,Assistant Professor,Bowdoin College,Computer Science,Computer vision|Machine learning|Artificial intelligence
Laura I. Toma,Professor,Bowdoin College,Computer Science,Algorithms & complexity
Sarah M. Harmon,Associate Professor,Bowdoin College,Computer Science,Artificial intelligence|Human-computer interaction|Natural language processing
Sean K. Barker,Associate Professor,Bowdoin College,Computer Science,Distributed systems
Eric McGregor,Associate Professor,Bridgewater College,Computer Science,Artificial intelligence|Computer vision
James D. Bowling,Associate Professor,Bridgewater College,Mathematics or Statistics,
Verne E. Leininger,Associate Professor,Bridgewater College,Computer Science,
Vickie Denlinger,Instructor,Bridgewater College,Mathematics or Statistics,
Elizabeth Hollister Rogers,Professor,Bryn Athyn College,Unknown,
Ellen McKee,Adjunct Professor,Bryn Athyn College,Unknown,
Fredrik Bryntesson,Professor,Bryn Athyn College,Unknown,
Neil Simonetti,Professor,Bryn Athyn College,Computer Science,Algorithms & complexity
Ryan Pine,Assistant Professor,Bryn Athyn College,Unknown,
Stella Evans,Assistant Professor,Bryn Athyn College,Unknown,
Thomas Frazier,Lecturer,Bryn Athyn College,Computer Science,Artificial intelligence
Adam Poliak,Assistant Professor,Bryn Mawr College,Computer Science,Natural language processing
Aline Normoyle,Assistant Professor,Bryn Mawr College,Computer Science,Computer graphics
Dianna Xu,Professor,Bryn Mawr College,Computer Science,Computer graphics|Computational bio & bioinformatics|Visualization
Elizabeth Dinella,Assistant Professor,Bryn Mawr College,Computer Science,Machine learning|Software engineering
Michael Wehar,Visiting Assistant Professor,Bryn Mawr College,Computer Science,Algorithms & complexity|Computer science education
Ramesh Garimella,Visiting Professor,Bryn Mawr College,Computer Science,
Alan Marchiori,Associate Professor,Bucknell University,Computer Science,Embedded & real-time systems|Computer networks|Information retrieval
Alexander Fuchsberger,Associate Teaching Professor,Bucknell University,Computer Science,Information retrieval
Anne Ross,Assistant Professor,Bucknell University,Computer Science,
Brian King,Associate Professor,Bucknell University,Computer Science,Data science|Computational bio & bioinformatics
Chris Mitsch,Visiting Assistant Professor,Bucknell University,Mathematics or Statistics,
Darakhshan Mir,Associate Professor,Bucknell University,Computer Science,Computer security & privacy|Artificial intelligence
Edward Talmage,Associate Professor,Bucknell University,Computer Science,Distributed systems|Algorithms & complexity
Jessen Havill,Professor,Bucknell University,Computer Science,Algorithms & complexity|Computational bio & bioinformatics
Joshua Stough,Associate Professor,Bucknell University,Computer Science,Computer vision|Machine learning|Computer science education
Lea Wittie,Associate Professor,Bucknell University,Computer Science,Computer science education
Lily Romano,Instructor,Bucknell University,Computer Science,
Luiz Felipe Perrone,Professor,Bucknell University,Computer Science,Human-computer interaction|Computer science education
Rajesh Kumar,Assistant Professor,Bucknell University,Computer Science,Computer security & privacy
Samuel Gutekunst,Assistant Professor,Bucknell University,Computer Science,Algorithms & complexity|Computational bio & bioinformatics
SingChun Lee,Assistant Professor,Bucknell University,Computer Science,Computer graphics|Computer science education
Todd Schmid,Assistant Professor,Bucknell University,Computer Science,Logic & verification|Programming languages
Amy Csizmar Dalal,Professor,Carleton College,Computer Science,Computer networks|Human-computer interaction
Anna Meyer,Assistant Professor,Carleton College,Computer Science,Programming languages|Machine learning
Anna Rafferty,Professor,Carleton College,Computer Science,Natural language processing|Algorithms & complexity
Anya Vostinar,Assistant Professor,Carleton College,Computer Science,Artificial intelligence|Computational bio & bioinformatics
Chelsey Edge,Assistant Professor,Carleton College,Computer Science,Algorithms & complexity|Artificial intelligence
David Liben-Nowell,Associate Professor,Carleton College,Computer Science,Computational social science|Natural language processing
David Musicant,Professor,Carleton College,Computer Science,Programming languages|Distributed systems|Databases
Eric Alexander,Associate Professor,Carleton College,Computer Science,Algorithms & complexity|Data science
Jean Salac,Assistant Professor,Carleton College,Computer Science,Computer science education|Human-computer interaction
Jeff Ondich,Professor,Carleton College,Computer Science,Computer security & privacy|Operating systems
Josh Davis,Senior Lecturer,Carleton College,Mathematics or Statistics,
Layla Oesper,Associate Professor,Carleton College,Computer Science,Computational bio & bioinformatics|Algorithms & complexity
Sneha Narayan,Assistant Professor,Carleton College,Computer Science,Human-computer interaction|Algorithms & complexity
Tanya Amert,Assistant Professor,Carleton College,Computer Science,Programming languages|Operating systems
Mark Johnson,Professor,Central College,Mathematics or Statistics,
Robert Franks,Professor,Central College,Computer Science,Human-computer interaction
Stephen Fyfe,Professor,Central College,Computer Science,Software engineering|Computer science education
Dave Toth,Professor,Centre College,Computer Science,High-performance computing|Computational bio & bioinformatics
Michael K. Bradshaw,Professor,Centre College,Computer Science,Games & interactive art|Computer graphics
Thomas E. Allen,Associate Professor,Centre College,Computer Science,Human-computer interaction
William Bailey,Assistant Professor,Centre College,Computer Science,Algorithms & complexity|Economics & computation
Abdelrahman Desoky,Associate Professor,Claflin University,Computer Science,Computer security & privacy|Cryptography
Karina Liles,Associate Professor,Claflin University,Computer Science,Robotics
Ms. Erika L. Rhett,Lecturer,Claflin University,Mathematics or Statistics,
Pawar Shrikant,Assistant Professor,Claflin University,Computer Science,Machine learning|Computer vision|Data science|Computational bio & bioinformatics
Chiu-Yen Kao,Professor,Claremont McKenna College,Mathematics or Statistics,
Michael Izbicki,Associate Professor,Claremont McKenna College,Computer Science,Machine learning|Natural language processing|Computational social science
Raylen Witter,Assistant Professor,Claremont McKenna College,Computer Science,Algorithms & complexity|Machine learning
Sarah Cannon,Associate Professor,Claremont McKenna College,Computer Science,Algorithms & complexity
Calvin Van Niewaal,Professor,Coe College,Computer Science,
Michael Stobb,Associate Professor,Coe College,Computer Science,Data science
Namrata Saha,Visiting Assistant Professor,Coe College,Computer Science,
Stephen Hughes,Professor,Coe College,Computer Science,Computer science education|Human-computer interaction|Information retrieval
Terry Hostetler,Professor,Coe College,Computer Science,
Allen Harper,Assistant Professor,Colby College,Computer Science,Algorithms & complexity
Eric Aaron,Associate Professor,Colby College,Computer Science,Robotics|Artificial intelligence|Computational bio & bioinformatics
Hannen Wolfe,Assistant Professor,Colby College,Computer Science,Robotics
Ike Lage,Assistant Professor,Colby College,Computer Science,Machine learning|Human-computer interaction
Max Bender,Assistant Professor,Colby College,Computer Science,
Naser Al Madi,Visiting Assistant Professor,Colby College,Computer Science,Software engineering
Oliver Layton,Associate Professor,Colby College,Computer Science,Computer vision|Machine learning
Stacy Doore,Assistant Professor,Colby College,Computer Science,Human-computer interaction|Artificial intelligence
Stephanie Taylor,Professor,Colby College,Computer Science,Computational bio & bioinformatics
Tahiya Chowdhury,Assistant Professor,Colby College,Computer Science,Human-computer interaction|Artificial intelligence
Ying Li,Associate Professor,Colby College,Computer Science,Computer networks
Aaron Gember-Jacobson,Associate Professor,Colgate University,Computer Science,Computer networks
David Perkins,Visiting Assistant Professor,Colgate University,Computer Science,
Elodie Fourquet,Associate Professor,Colgate University,Computer Science,Computer graphics|Computer vision|Human-computer interaction
Forrest Davis,Assistant Professor,Colgate University,Computer Science,Natural language processing|Artificial intelligence
Georgiana Haldeman,Assistant Professor,Colgate University,Computer Science,Computer science education
Grusha Prasad,Assistant Professor,Colgate University,Computer Science,Natural language processing
Joel Sommers,Professor,Colgate University,Computer Science,Computer networks|Measurement & performance analysis|Distributed systems|Computer architecture
Katelyn Valete,Lab Instructor,Colgate University,Computer Science,
Matt Lyboult,Senior Lab Instructor,Colgate University,Computer Science,
Nicholas Diana,Assistant Professor,Colgate University,Computer Science,Artificial intelligence|Human-computer interaction
Noah Apthorpe,Associate Professor,Colgate University,Computer Science,Computer security & privacy|Human-computer interaction|Machine learning|Computer networks
Puck Wen,Assistant Professor,Colgate University,Computer Science,Robotics|Human-computer interaction
Valerie Cucura,Senior Lab Instructor,Colgate University,Computer Science,
Vijay Ramachandran,Associate Professor,Colgate University,Computer Science,Computer networks|Algorithms & complexity|Economics & computation
Heather Amthauer,Associate Professor,College of St Benedict,Computer Science,Data science
Imad Rahal,Professor,College of St Benedict,Computer Science,Data science|Databases
Peter Ohmann,Associate Professor,College of St Benedict,Computer Science,Software engineering|Programming languages
Robert Hesse,Associate Professor,College of St Benedict,Mathematics or Statistics,
Srikanth Vemula,Assistant Professor,College of St Benedict,Computer Science,Human-computer interaction|Robotics|Computer graphics|Computational bio & bioinformatics
Vijay Srinivas Tida,Assistant Professor,College of St Benedict,Computer Science,Machine learning
Adam Lammert,Assistant Professor,College of the Holy Cross,Computer Science,Artificial intelligence|Natural language processing|Computational bio & bioinformatics
Farhad Mohsin,Assistant Professor,College of the Holy Cross,Computer Science,Computational social science|Artificial intelligence
Kevin Walsh,Associate Professor,College of the Holy Cross,Computer Science,Computer security & privacy|Computer networks|Operating systems
Laurie Smith King,Professor,College of the Holy Cross,Computer Science,High-performance computing|Programming languages|Computer science education
Ting Gu,Assistant Professor,College of the Holy Cross,Computer Science,Cryptography|Computer security & privacy
Zack Fitzsimmons,Associate Professor,College of the Holy Cross,Computer Science,Artificial intelligence|Algorithms & complexity|Computational social science
Alex Nord,Assistant Professor,College of Wooster,Computer Science,Computational bio & bioinformatics
Dan Palmer,Professor,College of Wooster,Computer Science,Artificial intelligence
Drew Guarnera,Assistant Professor,College of Wooster,Computer Science,Software engineering|Human-computer interaction
Heather Guarnera,Assistant Professor,College of Wooster,Computer Science,Algorithms & complexity|Computer science education
John Musgrave,Visiting Assistant Professor,College of Wooster,Computer Science,
Sofia Visa,Professor,College of Wooster,Computer Science,Machine learning|Computational bio & bioinformatics
Ben Nye,Assistant Professor,Colorado College,Computer Science,Machine learning|Natural language processing
Beth Malmskog,Associate Professor,Colorado College,Mathematics or Statistics,
Blake Jackson,Assistant Professor,Colorado College,Computer Science,Robotics|Natural language processing|Human-computer interaction
Cory B Scott,Assistant Professor,Colorado College,Computer Science,Machine learning|Computer science education
Danielle Ellsworth,Assistant Professor,Colorado College,Computer Science,High-performance computing|Software engineering|Computer security & privacy|Computer networks
David Brown,Professor,Colorado College,Mathematics or Statistics,
Flavia Sancier-Barbosa,Associate Professor,Colorado College,Mathematics or Statistics,
Ike Agbanusi,Assistant Professor,Colorado College,Mathematics or Statistics,
Jane McDougall,Associate Professor,Colorado College,Mathematics or Statistics,
Janet Burge,Associate Professor,Colorado College,Computer Science,Software engineering|Artificial intelligence|Computer science education
Luis David Garcia Puente,Professor,Colorado College,Mathematics or Statistics,
Mike Siddoway,Professor,Colorado College,Mathematics or Statistics,
Minho Kim,Assistant Professor,Colorado College,Mathematics or Statistics,
Molly Moran,Associate Professor,Colorado College,Mathematics or Statistics,
Rebecca Garcia,Professor,Colorado College,Mathematics or Statistics,
Stefan Erickson,Associate Professor,Colorado College,Mathematics or Statistics,
Varsha Koushik,Assistant Professor,Colorado College,Computer Science,Human-computer interaction|Computer science education
Ahmed Kamel,Professor,Concordia College,Computer Science,Artificial intelligence
Damian Lampl,Associate Professor,Concordia College,Computer Science,Artificial intelligence|Machine learning|Information retrieval|Computer networks
Gregory Tanner,Associate Professor,Concordia College,Mathematics or Statistics,
Christine Chung,Professor,Connecticut College,Computer Science,Algorithms & complexity
Gary Parker,Professor,Connecticut College,Computer Science,Artificial intelligence|Robotics
John Schaeffer,Adjunct Instructor,Connecticut College,Computer Science,Computer networks|Computer security & privacy
Ozgur Izmirli,Professor,Connecticut College,Computer Science,Information retrieval|Computer vision|Human-computer interaction|Robotics
Robert Peitzsch,Adjunct Professor,Connecticut College,Computer Science,Computational bio & bioinformatics
S. James Lee,Professor,Connecticut College,Computer Science,Computer graphics|Visualization
Stephen Douglass,Associate Professor,Connecticut College,Computer Science,Machine learning|Computational bio & bioinformatics|Algorithms & complexity
Thomas Daggett,Adjunct Professor,Connecticut College,Computer Science,Computer architecture|Distributed systems|Software engineering
Timothy Becker,Associate Professor,Connecticut College,Computer Science,Machine learning|Data science|Artificial intelligence|High-performance computing|Algorithms & complexity
William Barnes,Adjunct Instructor,Connecticut College,Computer Science,Computer security & privacy
William Tarimo,Associate Professor,Connecticut College,Computer Science,Artificial intelligence|Machine learning|Robotics
Ajit Chavan,Associate Professor,Cornell College,Computer Science,Distributed systems
Lauren Jepsen,Assistant Professor,Cornell College,Computer Science,
Jeff Humphries,Professor,Covenant College,Computer Science,Computer security & privacy
Zeyu Zhou,Visiting Assistant Professor,Covenant College,Computer Science,Machine learning|Algorithms & complexity|Artificial intelligence
Ana Wright,Assistant Professor,Davidson College,Mathematics or Statistics,
Angel Chavez,Assistant Professor,Davidson College,Mathematics or Statistics,
Carl Yerger,Professor,Davidson College,Mathematics or Statistics,
Catherine Nemitz,Assistant Professor,Davidson College,Computer Science,Embedded & real-time systems
Hammurabi Mendes,Associate Professor,Davidson College,Computer Science,Distributed systems|Computer architecture
Heather Blake,Associate Professor,Davidson College,Mathematics or Statistics,
Jonad Pulaj,Associate Professor,Davidson College,Computer Science,Algorithms & complexity
Katy Williams,Assistant Professor,Davidson College,Computer Science,Visualization|Human-computer interaction
Laurie Heyer,Associate Professor,Davidson College,Computer Science,Computational bio & bioinformatics|Data science
Matthew Bachmann,Visiting Assistant Professor,Davidson College,Mathematics or Statistics,
Raghu Ramanujan,Associate Professor,Davidson College,Computer Science,Artificial intelligence|Machine learning
Tabitha Peck,Associate Professor,Davidson College,Computer Science,Human-computer interaction|Computer graphics
Terrence Lim,Assistant Professor,Davidson College,Computer Science,Programming languages|Software engineering|Measurement & performance analysis
Tim Chartier,Professor,Davidson College,Mathematics or Statistics,
Yan Zhuang,Associate Professor,Davidson College,Mathematics or Statistics,
Ashwin Lall,Professor,Denison University,Computer Science,Algorithms & complexity|Databases
David Kahn,Assistant Professor,Denison University,Computer Science,Programming languages|Logic & verification
Flannery Currin,Assistant Professor,Denison University,Computer Science,Human-computer interaction
Matt Kretchmar,Professor,Denison University,Computer Science,Artificial intelligence|Machine learning
Michael Chavrimootoo,Assistant Professor,Denison University,Computer Science,Artificial intelligence|Algorithms & complexity|Computational social science|Economics & computation
Mikey Goldweber,Professor,Denison University,Computer Science,
Stacey Truex,Assistant Professor,Denison University,Computer Science,Machine learning|Computer security & privacy
Allana Johnson,Instructor,DePauw University,Computer Science,
Brian Howard,Associate Professor,DePauw University,Computer Science,Programming languages|Logic & verification
Chad Byers,Associate Professor,DePauw University,Computer Science,
Gloria Townsend,Professor,DePauw University,Computer Science,Robotics|Computer science education|Artificial intelligence
Khadija Stewart,Professor,DePauw University,Computer Science,
Mehmet Gulum,Assistant Professor,DePauw University,Computer Science,Machine learning|Computer vision|Data science
Paul Bible,Assistant Professor,DePauw University,Computer Science,Computational bio & bioinformatics
Scott Thede,Professor,DePauw University,Computer Science,Artificial intelligence|High-performance computing
Dick Forrester,Professor,Dickinson College,Mathematics or Statistics,
Farhan Siddiqui,Associate Professor,Dickinson College,Computer Science,Computer networks|Mobile computing|Information retrieval|Computer security & privacy
Grant Braught,Professor,Dickinson College,Computer Science,Artificial intelligence|Robotics|Computer science education
John MacCormick,Professor,Dickinson College,Computer Science,Computer vision|Distributed systems|Computer science education
Matt Ferland,Assistant Professor,Dickinson College,Computer Science,Algorithms & complexity|Computer science education
William Goble,Lecturer,Dickinson College,Computer Science,Software engineering|Mobile computing|Data science
Adam Michlin,Assistant Professor,Drew University,Computer Science,Computer science education
Alex Rudniy,Associate Professor,Drew University,Computer Science,Natural language processing|Data science
Barry Burd,Professor,Drew University,Computer Science,Programming languages|Quantum computing
Chris Gibbs,Adjunct Professor,Drew University,Computer Science,
Diane Liporace,Assistant Teaching Professor,Drew University,Computer Science,
Fred Meyer,Adjunct Professor,Drew University,Computer Science,
Prasad Kothapalli,Adjunct Professor,Drew University,Computer Science,
Valerie Siyuan Feng,Assistant Professor,Drew University,Computer Science,Algorithms & complexity|Computer networks
Yi Lu,Associate Professor,Drew University,Computer Science,
Charlie Peck,Associate Professor,Earlham College,Computer Science,High-performance computing|Computational bio & bioinformatics|Visualization
Debanjali Banerjee,Assistant Professor,Earlham College,Computer Science,Machine learning|Computer vision
Fatemeh Valizadeh Gamchi,Assistant Professor,Earlham College,Computer Science,Data science
Yunting Yin,Assistant Professor,Earlham College,Computer Science,Natural language processing|Computer vision|Data science
Injoo Kim,Associate Professor,East-West University,Computer Science,Artificial intelligence|Computer security & privacy|Software engineering
Julie Zhang,Associate Professor,East-West University,Computer Science,Machine learning|Computer vision
Komal Vashisht,Adjunct Instructor,East-West University,Computer Science,
Holger Mauch,Professor,Eckerd College,Computer Science,Algorithms & complexity|Computational bio & bioinformatics
Kelly R. Debure,Professor,Eckerd College,Computer Science,Computer vision|Data science|Visualization
Michael L Hilton,Associate Professor,Eckerd College,Computer Science,Data science|Machine learning
Brad McDanel,Associate Professor,Franklin & Marshall College,Computer Science,Machine learning|Computer architecture|Distributed systems
Ed Novak,Associate Professor,Franklin & Marshall College,Computer Science,Computer security & privacy|Computer science education
Jacob Logas,Assistant Professor,Franklin & Marshall College,Computer Science,Computer security & privacy|Human-computer interaction
Jing Hu,Associate Professor,Franklin & Marshall College,Computer Science,Computational bio & bioinformatics|Machine learning
Justin D Brody,Associate Professor,Franklin & Marshall College,Computer Science,Artificial intelligence
Tony J Weaver,Adjunct Senior Instructor,Franklin & Marshall College,Computer Science,Operating systems|Computer networks|Distributed systems|Measurement & performance analysis
Willie Wilson,Associate Professor,Franklin & Marshall College,Computer Science,Robotics|Artificial intelligence
Kerry Smith,Professor,Franklin College,Computer Science,High-performance computing|Programming languages
Robert Beasley,Professor,Franklin College,Computer Science,Software engineering
Andrea Tartaro,Professor,Furman University,Computer Science,Computer science education|Human-computer interaction
Chris Alvin,Associate Professor,Furman University,Computer Science,Artificial intelligence|Computer science education|Software engineering
Kevin Treu,Professor,Furman University,Computer Science,
Rebecca Drucker,Assistant Professor,Furman University,Computer Science,Computer networks|Computational bio & bioinformatics
Syed Fahad Sultan,Assistant Professor,Furman University,Computer Science,Machine learning|Data science|Computational social science
Clif Presser,Associate Professor,Gettysburg College,Computer Science,Visualization
Daniel White,Lecturer,Gettysburg College,Computer Science,
Ivaylo Ilinkin,Professor,Gettysburg College,Computer Science,Computational bio & bioinformatics|Computer graphics|Human-computer interaction|Computer science education|Algorithms & complexity
Jonathan Hoffman,Adjunct Instructor,Gettysburg College,Mathematics or Statistics,
Sunghee Sunny Kim,Professor,Gettysburg College,Computer Science,Computer graphics|Visualization
Todd W. Neller,Professor,Gettysburg College,Computer Science,Artificial intelligence|Games & interactive art
Irvin J. Levy,Professor,Gordon College,Mathematics or Statistics,
Jonathan R. Senning,Professor,Gordon College,Computer Science,High-performance computing
Russell C. Bjork,Professor,Gordon College,Computer Science,
Jill Zimmerman,Professor,Goucher College,Computer Science,Programming languages|Robotics
Mohammad Naderi Dehkordi,Associate Professor,Goucher College,Computer Science,Artificial intelligence|Machine learning|Computer security & privacy
Robert Lewand,Professor,Goucher College,Computer Science,
Thomas Kelliher,Associate Professor,Goucher College,Computer Science,Embedded & real-time systems|Computer architecture|Mobile computing
Ali Allami,Associate Professor,Grinnell College,Computer Science,Distributed systems|Computer security & privacy
Charlie Curtsinger,Associate Professor,Grinnell College,Computer Science,Computer security & privacy|Measurement & performance analysis|Distributed systems
Eric Autry,Assistant Professor,Grinnell College,Computer Science,
Fernanda Eliott,Assistant Professor,Grinnell College,Computer Science,Artificial intelligence|Machine learning
Jerod Weinman,Associate Professor,Grinnell College,Computer Science,Computer vision|Machine learning|Artificial intelligence
Nicole Eikmeier,Associate Professor,Grinnell College,Mathematics or Statistics,
Peter-Michael Osera,Associate Professor,Grinnell College,Computer Science,Programming languages|Computer science education|Human-computer interaction
Samuel A. Rebelsky,Professor,Grinnell College,Computer Science,Computer science education
Shawn Ong,Assistant Professor,Grinnell College,Computer Science,Algorithms & complexity|Logic & verification
William Rebelsky,Assistant Professor,Grinnell College,Computer Science,Artificial intelligence|Computer vision
Aaron Nienow,Senior Instructor,Gustavus Adolphus College,Mathematics or Statistics,
Baili Chen,Associate Professor,Gustavus Adolphus College,Mathematics or Statistics,
Guarionex Salivia,Associate Professor,Gustavus Adolphus College,Computer Science,Human-computer interaction|Computer science education
Jacob Siehler,Associate Professor,Gustavus Adolphus College,Mathematics or Statistics,
Jeff Ford,Visiting Assistant Professor,Gustavus Adolphus College,Mathematics or Statistics,
Jillian Downey,Associate Professor,Gustavus Adolphus College,Mathematics or Statistics,
Laura Hildreth,Associate Professor,Gustavus Adolphus College,Mathematics or Statistics,
Louis Yu,Associate Professor,Gustavus Adolphus College,Computer Science,Information retrieval|Computer science education
Thomas LoFaro,Professor,Gustavus Adolphus College,Mathematics or Statistics,
Darren Strash,Associate Professor,Hamilton College,Computer Science,Algorithms & complexity|Computational bio & bioinformatics
Han Dong,Assistant Professor,Hamilton College,Computer Science,Distributed systems|Operating systems|Measurement & performance analysis
Karyn Doke,Assistant Professor,Hamilton College,Computer Science,Computer networks
Sarah Morrison-Smith,Assistant Professor,Hamilton College,Computer Science,Human-computer interaction
Shawn Chen,Assistant Professor,Hamilton College,Computer Science,Machine learning|Computational bio & bioinformatics
Thomas Helmuth,Associate Professor,Hamilton College,Computer Science,Artificial intelligence
Wenbo Wang,Visiting Assistant Professor,Hamilton College,Computer Science,Natural language processing|Computer security & privacy
Brian Lins,Professor,Hampden-Sydney College,Mathematics or Statistics,
Dylan Domel-White,Assistant Professor,Hampden-Sydney College,Mathematics or Statistics,
John Machacek,Assistant Professor,Hampden-Sydney College,Mathematics or Statistics,
Joseph Rennie,Assistant Professor,Hampden-Sydney College,Computer Science,
Michael C. Strayer,Associate Professor,Hampden-Sydney College,Mathematics or Statistics,
Rebecca Jayne,Associate Professor,Hampden-Sydney College,Mathematics or Statistics,
Sarah Loeb,Associate Professor,Hampden-Sydney College,Mathematics or Statistics,
William Tolley,Assistant Professor,Hampden-Sydney College,Computer Science,Computer security & privacy
Barbara Wahl,Professor,Hanover College,Mathematics or Statistics,
Haris Skiadas,Professor,Hanover College,Computer Science,Algorithms & complexity
Jeffrey LaMarche,Visiting Instructor,Hanover College,Computer Science,
Howard Lichtman,Professor,Hartwick College,Computer Science,Computer security & privacy|Computer networks|Computer architecture
Arthi Padmanabhan,Assistant Professor,Harvey Mudd College,Computer Science,Computer networks|Distributed systems|Machine learning|Software engineering
Ben Wiedermann,Associate Professor,Harvey Mudd College,Computer Science,Programming languages|Software engineering
Beth Trushkowsky,Associate Professor,Harvey Mudd College,Computer Science,Databases|Distributed systems
Calden Wloka,Assistant Professor,Harvey Mudd College,Computer Science,Computer vision|Artificial intelligence
Chris Stone,Professor,Harvey Mudd College,Computer Science,Logic & verification|Programming languages
Erin Talvitie,Professor,Harvey Mudd College,Computer Science,Artificial intelligence|Machine learning|Natural language processing
George Montañez,Associate Professor,Harvey Mudd College,Computer Science,Machine learning
Jim Boerkoel,Professor,Harvey Mudd College,Computer Science,Artificial intelligence|Robotics|Human-computer interaction
Jonathan Chang,Assistant Professor,Harvey Mudd College,Computer Science,Natural language processing|Computational social science
Julie Medero,Associate Professor,Harvey Mudd College,Computer Science,Natural language processing
Katherine Breeden,Associate Professor,Harvey Mudd College,Computer Science,Computer graphics|Visualization|Computational bio & bioinformatics
Lucas Bang,Associate Professor,Harvey Mudd College,Computer Science,Logic & verification|Algorithms & complexity|Programming languages
Lynn Kirabo,Assistant Professor,Harvey Mudd College,Computer Science,Human-computer interaction
Melissa O'Neill,Professor,Harvey Mudd College,Computer Science,Programming languages|Software engineering
Tim Randolph,Assistant Professor,Harvey Mudd College,Computer Science,Algorithms & complexity|Computer science education
Vidushi Ojha,Assistant Professor,Harvey Mudd College,Computer Science,Computer science education
Xanda Schofield,Associate Professor,Harvey Mudd College,Computer Science,Natural language processing|Machine learning
Zach Dodds,Professor,Harvey Mudd College,Computer Science,Computer science education
Alvin Grissom,Associate Professor,Haverford College,Computer Science,Natural language processing
David Wonnacott,Professor,Haverford College,Computer Science,
Dung Nguyen,Visiting Assistant Professor,Haverford College,Computer Science,Computer security & privacy|Machine learning
John Dougherty,Associate Professor,Haverford College,Computer Science,Computer science education|Human-computer interaction
Sorelle Friedler,Professor,Haverford College,Computer Science,Artificial intelligence|Machine learning|Human-computer interaction
Steven Lindell,Professor,Haverford College,Computer Science,Algorithms & complexity|Logic & verification
Thao Nguyen,Assistant Professor,Haverford College,Computer Science,Robotics|Natural language processing
Brent A. Yorgey,Associate Professor,Hendrix College,Computer Science,Programming languages|Algorithms & complexity
Brian Delavan,Adjunct Professor,Hendrix College,Computer Science,
Gabriel Ferrer,Professor,Hendrix College,Computer Science,Artificial intelligence|Robotics|Machine learning
Mark Goadrich,Professor,Hendrix College,Computer Science,Artificial intelligence|Games & interactive art
Chris Fietkiewicz,Associate Professor,Hobart and William Smith College,Computer Science,High-performance computing|Computational bio & bioinformatics
Erika L.C. King,Associate Professor,Hobart and William Smith College,Mathematics or Statistics,
Hanqing Hu,Assistant Professor,Hobart and William Smith College,Computer Science,
Jennifer Biermann,Associate Professor,Hobart and William Smith College,Mathematics or Statistics,
Jocelyn Bell,Associate Professor,Hobart and William Smith College,Mathematics or Statistics,
Jonathan E Forde,Professor,Hobart and William Smith College,Mathematics or Statistics,
Joseph Rusinko,Professor,Hobart and William Smith College,Mathematics or Statistics,
Stina S Bridgeman,Associate Professor,Hobart and William Smith College,Computer Science,
Yan Hao,Associate Professor,Hobart and William Smith College,Computer Science,
Charles Cusack,Professor,Hope College,Computer Science,Algorithms & complexity|Computational bio & bioinformatics|Computer graphics
Fola Olagbemi,Assistant Professor,Hope College,Computer Science,High-performance computing|Machine learning
Michael Jipping,Professor,Hope College,Computer Science,Human-computer interaction|Mobile computing
Ryan McFall,Professor,Hope College,Computer Science,Human-computer interaction|Software engineering|Computer science education
Babafemi Sorinolu,Assistant Professor,Houghton University,Computer Science,Machine learning|Data science
Katrina Koehler,Associate Professor,Houghton University,Computer Science,Data science
Takako Soma,Associate Professor,Illinois College,Computer Science,Programming languages|Algorithms & complexity
Elainea Neville,Instructor,Juniata College,Computer Science,
Gerald W. Kruse,Professor,Juniata College,Computer Science,Computer science education|High-performance computing
Jianyuan Ni,Assistant Professor,Juniata College,Computer Science,Machine learning|Mobile computing|Artificial intelligence
Jigar Patel,Lecturer,Juniata College,Computer Science,
John J. Wright,Associate Professor,Juniata College,Computer Science,Human-computer interaction|Computer science education
William H. Thomas,Professor,Juniata College,Computer Science,Computer networks|Databases
Alyce Brady,Professor,Kalamazoo College,Computer Science,Computer science education|Software engineering|Programming languages
Nicholas Polanco,Visiting Assistant Professor,Kalamazoo College,Computer Science,Computer security & privacy|Software engineering
Pam Cutter,Professor,Kalamazoo College,Computer Science,Computer science education|Human-computer interaction
Sandino Vargas-Pérez,Associate Professor,Kalamazoo College,Computer Science,High-performance computing|Algorithms & complexity|Computational bio & bioinformatics|Data science
Tasnim Gharaibeh,Assistant Professor,Kalamazoo College,Computer Science,Algorithms & complexity
David Bunde,Professor,Knox College,Computer Science,High-performance computing|Algorithms & complexity|Software engineering|Computer science education
Jaime Spacco,Associate Professor,Knox College,Computer Science,Software engineering|Computer science education
Jurdana Masuma Iqrah,Assistant Professor,Knox College,Computer Science,Machine learning|Computer vision|High-performance computing|Distributed systems
Michael Gerten,Visiting Instructor,Knox College,Computer Science,Software engineering
Shengting Cao,Assistant Professor,Knox College,Computer Science,Artificial intelligence|Computer vision
Christian Lopez,Assistant Professor,Lafayette College,Computer Science,Machine learning|Human-computer interaction
Ge Xia,Professor,Lafayette College,Computer Science,Algorithms & complexity|Computational bio & bioinformatics
Jeffrey O. Pfaffmann,Associate Professor,Lafayette College,Computer Science,Artificial intelligence|Computational bio & bioinformatics
Jia Tao,Associate Professor,Lafayette College,Computer Science,Artificial intelligence|Logic & verification
Jonathan Dahl,Senior Lecturer,Lafayette College,Computer Science,Algorithms & complexity|Computer security & privacy
Jorge Silveyra,Assistant Professor,Lafayette College,Computer Science,
Justin Smith,Assistant Professor,Lafayette College,Computer Science,Software engineering|Human-computer interaction|Computer security & privacy
Lauren Biernacki,Assistant Professor,Lafayette College,Computer Science,Computer architecture|Computer security & privacy
Sofia Serrano,Assistant Professor,Lafayette College,Computer Science,Natural language processing
Craig Knuckles,Professor,Lake Forest College,Computer Science,Computer networks|Software engineering|Databases
Dakotah Lambert,Assistant Professor,Lake Forest College,Computer Science,Natural language processing|Algorithms & complexity|Logic & verification
Enrique Trevino,Professor,Lake Forest College,Mathematics or Statistics,
Gunjan Sharma,Visiting Assistant Professor,Lake Forest College,Mathematics or Statistics,
Sara Jamshidi,Assistant Professor,Lake Forest College,Computer Science,Artificial intelligence|Machine learning
Sugata Banerji,Associate Professor,Lake Forest College,Computer Science,Computer vision|Machine learning
Kent Tyler,Assistant Professor,Lane College,Computer Science,
Kitai Jeong,Assistant Professor,Lane College,Computer Science,
Sheldon Liang,Assistant Professor,Lane College,Computer Science,Computer vision
Acacia Ackles,Assistant Professor,Lawrence University,Computer Science,Computational bio & bioinformatics
Joseph N. Gregg,Associate Professor,Lawrence University,Computer Science,Software engineering|Algorithms & complexity
Kurt Krebsbach,Professor,Lawrence University,Computer Science,
Kyle Diederich,Visiting Assistant Professor,Lawrence University,Computer Science,
David Lovitz,Visiting Professor,Lewis & Clark College,Mathematics or Statistics,
Sweta Suryanarayan,Assistant Professor,Lewis & Clark College,Mathematics or Statistics,
Chuck Lundon,Professor,Linfield University,Mathematics or Statistics,
Daniel Ford,Assistant Professor,Linfield University,Computer Science,Artificial intelligence|Algorithms & complexity
Jennifer Nordstrom,Professor,Linfield University,Mathematics or Statistics,
Kate Lorenzen,Assistant Professor,Linfield University,Mathematics or Statistics,
Mike Hitchman,Professor,Linfield University,Mathematics or Statistics,
Nurideen Abubakari,Assistant Professor,Linfield University,Computer Science,
Stephen Bricher,Professor,Linfield University,Mathematics or Statistics,
Yujie Wang,Assistant Professor,Linfield University,Computer Science,Natural language processing|Machine learning
Kar Ee Ho,Assistant Professor,Luther College,Computer Science,
Roman Yasinovskyy,Associate Professor,Luther College,Computer Science,
Sanad Aburass,Assistant Professor,Luther College,Computer Science,Machine learning|Computer vision
Thuy Do,Assistant Professor,Luther College,Computer Science,Machine learning|Distributed systems
Adrian Rublein,Assistant Professor,Lycoming College,Computer Science,Computer networks|Artificial intelligence
Krish Pillai,Assistant Professor,Lycoming College,Computer Science,Games & interactive art|Computer graphics|Mobile computing
Marcus Birkenkrahe,Associate Professor,Lyon College,Computer Science,Data science
Pietro Dall'Olio,Assistant Professor,Lyon College,Computer Science,
Abby Marsh,Associate Professor,Macalester College,Computer Science,Computer security & privacy|Human-computer interaction
Amin Alhashim,Visiting Assistant Professor,Macalester College,Computer Science,Computer science education
Bret Jackson,Professor,Macalester College,Computer Science,Visualization|Human-computer interaction
Dan Drake,Visiting Assistant Professor,Macalester College,Computer Science,Data science|Computer science education
Daniel O'Loughlin,Visiting Assistant Professor,Macalester College,Mathematics or Statistics,
Elizabeth Ernst,Assistant Professor,Macalester College,Computer Science,Algorithms & complexity
Elizabeth Shoop,Professor,Macalester College,Computer Science,Computational bio & bioinformatics|Visualization|Distributed systems
Getiria Onsongo,Associate Professor,Macalester College,Computer Science,Computational bio & bioinformatics
Joslenne Peña,Assistant Professor,Macalester College,Computer Science,Computer science education|Human-computer interaction
Lauren Milne,Associate Professor,Macalester College,Computer Science,Human-computer interaction
Lian Duan,Instructor,Macalester College,Computer Science,Software engineering|Logic & verification
Paul Cantrell,Senior Instructor,Macalester College,Computer Science,Programming languages|Games & interactive art
Shilad Sen,Professor,Macalester College,Computer Science,Information retrieval|Human-computer interaction
Suhas Arehalli,Assistant Professor,Macalester College,Computer Science,Natural language processing
Susan Fox,Professor,Macalester College,Computer Science,Robotics|Machine learning|Computer vision|Artificial intelligence
Barbara Johnson,Associate Professor,Maryville College,Computer Science,Software engineering
David Eve,Professor,Massachusetts College of Liberal Arts,Computer Science,Databases
Guodong Wang,Associate Professor,Massachusetts College of Liberal Arts,Computer Science,Computer networks|Computer security & privacy
Jennifer Hontz,Professor,Meredith College,Mathematics or Statistics,
Kristin Watkins,Professor of Practice,Meredith College,Computer Science,Software engineering|Computer science education
Mark Gass,Assistant Professor of Practice,Meredith College,Computer Science,Software engineering|Programming languages|Distributed systems|Computer networks|High-performance computing
Amy Briggs,Professor,Middlebury College,Computer Science,Algorithms & complexity|Programming languages|Data science|Information retrieval|Distributed systems
Ananya Das,Associate Professor,Middlebury College,Computer Science,Algorithms & complexity|Computational bio & bioinformatics
Andrea Vaccari,Associate Professor,Middlebury College,Computer Science,Computer vision|Data science|Embedded & real-time systems
Christopher Andrews,Associate Professor,Middlebury College,Computer Science,Human-computer interaction|Visualization|Computer graphics
Frank Swenton,Professor,Middlebury College,Computer Science,Algorithms & complexity|Logic & verification
Laura Biester,Assistant Professor,Middlebury College,Computer Science,Natural language processing|Computational social science
Matthew Dickerson,Professor,Middlebury College,Computer Science,
Michael Linderman,Associate Professor,Middlebury College,Computer Science,Computational bio & bioinformatics|Machine learning
Peter Johnson,Associate Professor,Middlebury College,Computer Science,Computer architecture|Operating systems|Computer networks|Computer security & privacy|Programming languages
Phil Chodrow,Assistant Professor,Middlebury College,Computer Science,Data science|Machine learning|Information retrieval|Computer security & privacy|Human-computer interaction
Philip Caplan,Assistant Professor,Middlebury College,Computer Science,Computational bio & bioinformatics|Visualization|Algorithms & complexity
Shelby Kimmel,Associate Professor,Middlebury College,Computer Science,Quantum computing|Algorithms & complexity
Smith Gakuya,Visiting Lab Instructor,Middlebury College,Computer Science,Software engineering
Logan Mayfield,Professor,Monmouth College,Computer Science,Quantum computing
Robert Utterback,Adjunct Professor,Monmouth College,Computer Science,Data science|Natural language processing
Alyxander Burns,Assistant Professor,Mount Holyoke College,Computer Science,Visualization|Human-computer interaction
Audrey St. John,Professor,Mount Holyoke College,Computer Science,Algorithms & complexity|Robotics
Barbara Staudt Lerner,Professor,Mount Holyoke College,Computer Science,Information retrieval|Data science|Human-computer interaction
Diane Uwacu,Assistant Professor,Mount Holyoke College,Computer Science,Robotics|Computational bio & bioinformatics
Heather Pon-Barry,Associate Professor,Mount Holyoke College,Computer Science,Human-computer interaction|Natural language processing
James McCauley,Associate Professor,Mount Holyoke College,Computer Science,Computer networks|Distributed systems|Computer architecture
Lisa A. Ballesteros,Associate Professor,Mount Holyoke College,Computer Science,Information retrieval|Computer science education
Melody Su,Associate Professor,Mount Holyoke College,Computer Science,Robotics|Computer vision|Artificial intelligence|High-performance computing
Tony Liu,Assistant Professor,Mount Holyoke College,Computer Science,Machine learning|Artificial intelligence
Abbey D'Ovidio,Assistant Professor,Muhlenberg College,Mathematics or Statistics,
Allison Davidson,Associate Professor,Muhlenberg College,Mathematics or Statistics,
Elyn Rykken,Professor,Muhlenberg College,Mathematics or Statistics,
Gary Shufelt,Adjunct Professor,Muhlenberg College,Mathematics or Statistics,
Hamed Yaghoobian,Assistant Professor,Muhlenberg College,Computer Science,Natural language processing|Human-computer interaction
James Russell,Associate Professor,Muhlenberg College,Mathematics or Statistics,
Linda McGuire,Professor,Muhlenberg College,Mathematics or Statistics,
Michael Allocca,Associate Professor,Muhlenberg College,Mathematics or Statistics,
Michael Karcher,Assistant Professor,Muhlenberg College,Mathematics or Statistics,
Proyash Podder,Assistant Professor,Muhlenberg College,Computer Science,Computer networks|Computer security & privacy|Embedded & real-time systems
William Gryc,Professor,Muhlenberg College,Mathematics or Statistics,
Youngsun Jang,Assistant Professor,Muhlenberg College,Computer Science,Machine learning|Quantum computing|Data science
Daniel Page,Visiting Assistant Professor,New College of Florida,Computer Science,Algorithms & complexity|Computational bio & bioinformatics|Software engineering|Human-computer interaction|Information retrieval
David Gillman,Associate Professor,New College of Florida,Computer Science,Computer vision
Fahmida Hamid,Assistant Professor,New College of Florida,Computer Science,Natural language processing|Information retrieval|Computer science education
Gil Salu,Visiting Assistant Professor,New College of Florida,Computer Science,Data science
Adam Eck,Associate Professor,Oberlin College,Computer Science,Artificial intelligence|Machine learning
Cynthia Taylor,Associate Professor,Oberlin College,Computer Science,Computer science education
Emily Wang,Assistant Professor,Oberlin College,Computer Science,Human-computer interaction
Howard Levinson,Assistant Professor,Oberlin College,Computer Science,Algorithms & complexity
Joshua H. Davidson,Assistant Professor,Oberlin College,Computer Science,Data science|Information retrieval
Mary Hogan,Assistant Professor,Oberlin College,Computer Science,Computer networks
Michael McCarrin,Assistant Professor,Oberlin College,Computer Science,Artificial intelligence|Algorithms & complexity
Molly Q Feldman,Assistant Professor,Oberlin College,Computer Science,Human-computer interaction|Programming languages|Computer science education
Roberto Hoyle,Associate Professor,Oberlin College,Computer Science,Computer security & privacy|Human-computer interaction
Sam Taggart,Associate Professor,Oberlin College,Computer Science,Economics & computation|Algorithms & complexity|Games & interactive art
Stephen Checkoway,Associate Professor,Oberlin College,Computer Science,Computer security & privacy
Chris Cianci,Assistant Professor,Occidental College,Computer Science,Robotics
Hector M. Camarillo Abad,Assistant Professor,Occidental College,Computer Science,Artificial intelligence|Human-computer interaction|Mobile computing
Hsing-Hau Chen,Associate Professor,Occidental College,Computer Science,
Joel Walsh,Assistant Professor,Occidental College,Computer Science,Natural language processing|Artificial intelligence|Machine learning
Justin Li,Associate Professor,Occidental College,Computer Science,Artificial intelligence
Kathryn Leonard,Professor,Occidental College,Computer Science,Computer vision|Computational bio & bioinformatics
Meiqing Zhang,Assistant Professor,Occidental College,Computer Science,Natural language processing|Data science
Teddy Pozo,Assistant Professor,Occidental College,Computer Science,Games & interactive art
Treena Basu,Associate Professor,Occidental College,Mathematics or Statistics,
Mehwish Abbasi,Assistant Professor,Ohio Wesleyan University,Computer Science,Data science|Machine learning
Alexandra Papoutsaki,Associate Professor,Pomona College,Computer Science,Human-computer interaction
Andrew T. Wilson,Lecturer,Pomona College,Computer Science,
Anthony Clark,Assistant Professor,Pomona College,Computer Science,Robotics
David R. Kauchak,Professor,Pomona College,Computer Science,Natural language processing
Eleanor Birrell,Associate Professor,Pomona College,Computer Science,Computer security & privacy
Jingyi Li,Assistant Professor,Pomona College,Computer Science,Human-computer interaction
Joseph C. Osborn,Associate Professor,Pomona College,Computer Science,Artificial intelligence|Games & interactive art|Human-computer interaction
Michael Zlatin,Assistant Professor,Pomona College,Computer Science,Algorithms & complexity|Computational bio & bioinformatics
Sam Thomas,Assistant Professor,Pomona College,Computer Science,Computer architecture|Computer security & privacy
Tzu-Yi Chen,Professor,Pomona College,Computer Science,High-performance computing|Algorithms & complexity|Computer science education|Computer architecture|Data science
Yuqing Melanie Wu,Professor,Pomona College,Computer Science,Databases
Gregory Goeckel,Professor,Presbyterian College,Computer Science,Programming languages
Olivia Nche,Assistant Professor,Presbyterian College,Computer Science,Human-computer interaction|Computer science education
Brad Spendlove,Associate Professor,Randolph College,Computer Science,Artificial intelligence
Jia Wan,Associate Professor,Randolph College,Computer Science,
Marc Ordower,Visiting Associate Professor,Randolph College,Mathematics or Statistics,
John W. McManus,Associate Professor,Randolph-Macon College,Computer Science,
La Toria H. Tookes,Senior Lecturer,Randolph-Macon College,Computer Science,
Maha Elouni,Assistant Professor,Randolph-Macon College,Computer Science,
Rance Necaise,Associate Professor,Randolph-Macon College,Computer Science,
Robin M. Givens,Associate Professor,Randolph-Macon College,Computer Science,
Samuel Henry,Assistant Professor,Randolph-Macon College,Computer Science,Natural language processing|Information retrieval
Adam Groce,Associate Professor,Reed College,Computer Science,Cryptography
Erica Blum,Assistant Professor,Reed College,Computer Science,Cryptography|Computer security & privacy
Greg Anderson,Assistant Professor,Reed College,Computer Science,Programming languages|Machine learning|Artificial intelligence|Logic & verification
Harper Knittel,Assistant Professor,Reed College,Computer Science,Algorithms & complexity|Economics & computation
Jim Fix,Professor,Reed College,Computer Science,
Addison Schwamb,Assistant Professor,Rhodes College,Computer Science,Machine learning|Computational bio & bioinformatics
Betsy Sanders,Professor,Rhodes College,Computer Science,Computer graphics
Brian Larkins,Associate Professor,Rhodes College,Computer Science,Programming languages|Distributed systems|High-performance computing|Computer architecture|Operating systems
Jace King,Visiting Assistant Professor,Rhodes College,Computer Science,Games & interactive art|Computer science education
Mark Cooper,Adjunct Assistant Professor,Rhodes College,Computer Science,Artificial intelligence|Data science
Matt Superdock,Assistant Professor,Rhodes College,Computer Science,Logic & verification
Phillip Kirlin,Associate Professor,Rhodes College,Computer Science,Natural language processing|Artificial intelligence|Machine learning
Sean Kugele,Assistant Professor,Rhodes College,Computer Science,Artificial intelligence
Anil Shende,Professor,Roanoke College,Computer Science,Algorithms & complexity|Distributed systems|Computer networks
Durell Bouchard,Associate Professor,Roanoke College,Computer Science,Computer vision|Human-computer interaction
Wale Sekoni,Assistant Professor,Roanoke College,Computer Science,Algorithms & complexity
Adam Albina,Assistant Professor,Saint Anselm College,Computer Science,Databases|Software engineering
Michael Huelsman,Assistant Professor,Saint Anselm College,Computer Science,Artificial intelligence
Mitra Mohtarami,Assistant Professor,Saint Anselm College,Computer Science,
Rajesh Prasad,Associate Professor,Saint Anselm College,Computer Science,Computer networks|Distributed systems|Mobile computing
Aarathi Prasad,Associate Professor,Skidmore College,Computer Science,Mobile computing|Human-computer interaction|Computer security & privacy
Christine Reilly,Associate Professor,Skidmore College,Computer Science,Distributed systems|Data science|Computer science education
David Read,Associate Teaching Professor,Skidmore College,Computer Science,Computer security & privacy|Computer science education
Esma Wali,Visiting Assistant Professor,Skidmore College,Computer Science,Artificial intelligence|Natural language processing|Machine learning
Michael Eckmann,Associate Professor,Skidmore College,Computer Science,Computer vision|Computer graphics
Nelson Dellis,Visiting Assistant Professor,Skidmore College,Computer Science,Logic & verification
Thomas O'Connell,Associate Professor,Skidmore College,Computer Science,Artificial intelligence|Machine learning|Algorithms & complexity
Wenlu Du,Assistant Professor,Skidmore College,Computer Science,Artificial intelligence|Robotics|Machine learning|Natural language processing
Ab Mosca,Visiting Assistant Professor,Smith College,Computer Science,Visualization|Human-computer interaction
Halie Rando,Assistant Professor,Smith College,Computer Science,Computational bio & bioinformatics
Hia Ghosh,Lecturer,Smith College,Computer Science,Computer science education
Ileana Streinu,Professor,Smith College,Computer Science,Algorithms & complexity|Robotics|Computational bio & bioinformatics
Jamie Macbeth,Associate Professor,Smith College,Computer Science,Artificial intelligence|Natural language processing|Human-computer interaction
Johanna Brewer,Assistant Professor,Smith College,Computer Science,Human-computer interaction|Mobile computing|Computer science education
Katherine M. Kinnaird,Associate Professor,Smith College,Computer Science,Information retrieval|Data science|Computer science education
Michael Robson,Assistant Professor,Smith College,Computer Science,High-performance computing|Computer architecture|Programming languages
Nicholas Howe,Professor,Smith College,Computer Science,Computer vision
Pablo Frank Bolton,Lecturer,Smith College,Computer Science,Computer science education
R. Jordan Crouser,Associate Professor,Smith College,Computer Science,Visualization|Human-computer interaction
Shinyoung Cho,Assistant Professor,Smith College,Computer Science,Computer networks|Computer security & privacy
Ammon Hepworth,Assistant Professor,Southern Virginia University,Computer Science,Design automation
Arjun Chandrasekhar,Assistant Professor,Southwestern University,Computer Science,Distributed systems|Algorithms & complexity|Computational bio & bioinformatics
Barbara M. Anthony,Professor,Southwestern University,Computer Science,Algorithms & complexity
Jacob Schrum,Associate Professor,Southwestern University,Computer Science,Artificial intelligence|Programming languages|Natural language processing|Computer graphics
A.J. Dykstra,Lecturer,St. Lawrence University,Mathematics or Statistics,
Choong-Soo Lee,Associate Professor,St. Lawrence University,Computer Science,Human-computer interaction|Information retrieval|Computer vision|Machine learning|Data science
Daniel Condon,Assistant Professor,St. Lawrence University,Mathematics or Statistics,
Daniel M Look,Professor,St. Lawrence University,Mathematics or Statistics,
Duncan Melville,Professor,St. Lawrence University,Mathematics or Statistics,
Ed Harcourt,Professor,St. Lawrence University,Computer Science,Design automation
Gabriel Dorfsman-Hopkins,Assistant Professor,St. Lawrence University,Mathematics or Statistics,
Ivan Ramler,Associate Professor,St. Lawrence University,Mathematics or Statistics,
Jessica Chapman,Professor,St. Lawrence University,Mathematics or Statistics,
Kevin A. Angstadt,Associate Professor,St. Lawrence University,Computer Science,Computer architecture|Programming languages|Software engineering
Leiyue Li,Assistant Professor,St. Lawrence University,Mathematics or Statistics,
Lisa Torrey,Associate Professor,St. Lawrence University,Computer Science,Artificial intelligence|Machine learning
Maegan K. Bos,Associate Professor,St. Lawrence University,Mathematics or Statistics,
Matt Higham,Associate Professor,St. Lawrence University,Mathematics or Statistics,
Michael Schuckers,Professor,St. Lawrence University,Mathematics or Statistics,
Patti Frazer Lock,Professor,St. Lawrence University,Mathematics or Statistics,
Robin Lock,Professor,St. Lawrence University,Mathematics or Statistics,
Bob Tracy,Adjunct Instructor,St. Mary's College of Maryland,Computer Science,
Emily Barranca,Assistant Professor,St. Mary's College of Maryland,Computer Science,
Muhieddine Shebaro,Visiting Assistant Professor,St. Mary's College of Maryland,Computer Science,Machine learning|Data science
Richard Young,Adjunct Professor,St. Mary's College of Maryland,Computer Science,
Sayan Goswami,Assistant Professor,St. Mary's College of Maryland,Computer Science,High-performance computing|Distributed systems|Data science|Computer science education|Algorithms & complexity
Simon Read,Associate Professor,St. Mary's College of Maryland,Computer Science,Logic & verification|Computer architecture
Waqar Saleem,Associate Professor,St. Mary's College of Maryland,Computer Science,Computer graphics|Computer science education|Algorithms & complexity|Programming languages
Seth Meyer,Professor,St. Norbert College,Mathematics or Statistics,
Barbara Johnson,Visiting Assistant Professor,St. Olaf College,Computer Science,
Jaime Davila,Associate Professor,St. Olaf College,Computer Science,Computational bio & bioinformatics
Kodjo Houssou,Visiting Instructor,St. Olaf College,Computer Science,
Matthew Wright,Associate Professor,St. Olaf College,Mathematics or Statistics,
Melissa Lynn,Assistant Professor,St. Olaf College,Computer Science,
Olaf Hall-Holt,Associate Professor,St. Olaf College,Computer Science,Computer graphics|Computer vision|Algorithms & complexity
Ryota Matsuura,Professor,St. Olaf College,Mathematics or Statistics,
Will Leeson,Assistant Professor,St. Olaf College,Computer Science,Software engineering
Hamza M. Elhamdadi,Assistant Professor,Stonehill College,Computer Science,Visualization|Human-computer interaction
Samuel Goree,Assistant Professor,Stonehill College,Computer Science,Human-computer interaction|Machine learning
Sharmishtha Dutta,Assistant Professor,Stonehill College,Computer Science,Machine learning|Natural language processing
Alathea Jensen,Associate Professor,Susquehanna University,Mathematics or Statistics,
Alexander Wilce,Professor,Susquehanna University,Mathematics or Statistics,
Anusha Veluswamy,Assistant Professor,Susquehanna University,Computer Science,
Edisanter Lo,Professor,Susquehanna University,Mathematics or Statistics,
Jeffrey Graham,Associate Professor,Susquehanna University,Mathematics or Statistics,
Steven Scheirer,Assistant Professor,Susquehanna University,Computer Science,
Ameet Soni,Associate Professor,Swarthmore College,Computer Science,Machine learning|Computational bio & bioinformatics
Andrew Danner,Professor,Swarthmore College,Computer Science,Algorithms & complexity|Computational bio & bioinformatics
Ben Mitchell,Assistant Professor,Swarthmore College,Computer Science,Artificial intelligence|Machine learning
Charlie Kazer,Lab Instructor,Swarthmore College,Computer Science,Computer networks|Measurement & performance analysis
Gabriel Hope,Visiting Assistant Professor,Swarthmore College,Computer Science,Machine learning
Joshua Brody,Associate Professor,Swarthmore College,Computer Science,Algorithms & complexity
Keith O'Hara,Associate Professor,Swarthmore College,Computer Science,Robotics|Computer science education
Kevin Webb,Associate Professor,Swarthmore College,Computer Science,Computer networks|Distributed systems|Computer science education
Lila Fontes,Associate Professor,Swarthmore College,Computer Science,Algorithms & complexity|Information retrieval|Computer security & privacy
Nathaniel Grammel,Visiting Assistant Professor,Swarthmore College,Computer Science,Algorithms & complexity
Neil Lutz,Visiting Assistant Professor,Swarthmore College,Computer Science,Algorithms & complexity
Ranysha Ware,Assistant Professor,Swarthmore College,Computer Science,Computer networks|Measurement & performance analysis
Rich Wicentowski,Professor,Swarthmore College,Computer Science,Natural language processing
Sukrit Venkatagiri,Assistant Professor,Swarthmore College,Computer Science,Human-computer interaction
Tia Newhall,Professor,Swarthmore College,Computer Science,Distributed systems|Computer science education|Computer architecture
Vasanta Chaganti,Associate Professor,Swarthmore College,Computer Science,Computer networks|Measurement & performance analysis|Computer security & privacy
Zachary Palmer,Associate Professor,Swarthmore College,Computer Science,Programming languages
Catherine Cavagnaro,Professor,The University of the South,Mathematics or Statistics,
Ross Sowell,Associate Professor,The University of the South,Computer Science,Human-computer interaction|Computer graphics|Computer science education
Stephen Carl,Associate Professor,The University of the South,Computer Science,Programming languages|Games & interactive art
Marcus Brumfield,Assistant Professor,Tougaloo College,Computer Science,
Bobby England,Professor,Transylvania University,Computer Science,Operating systems|Computer science education|Computer graphics
Kenny Moorman,Professor,Transylvania University,Computer Science,Artificial intelligence|Robotics
Chandranil Chakraborttii,Assistant Professor,Trinity College,Computer Science,Machine learning|Computer architecture
Ewa Syta,Associate Professor,Trinity College,Computer Science,Computer security & privacy|Cryptography|Distributed systems|Computer architecture|Information retrieval
Jonathan Johnson,Visiting Lecturer,Trinity College,Computer Science,Software engineering|Computer architecture
Madalene Spezialetti,Associate Professor,Trinity College,Computer Science,Distributed systems
Maminur Islam,Assistant Professor,Trinity College,Computer Science,Artificial intelligence|Machine learning|Computer vision
Peter A. Yoon,Professor,Trinity College,Computer Science,High-performance computing
Takunari Miyazaki,Associate Professor,Trinity College,Computer Science,Algorithms & complexity|Computational bio & bioinformatics|Programming languages
Britton Horn,Assistant Professor,Trinity University,Computer Science,Artificial intelligence|Programming languages|Games & interactive art
Eduardo Davalos Anaya,Assistant Professor,Trinity University,Computer Science,Artificial intelligence|Human-computer interaction|Natural language processing
Eva Tuba,Assistant Professor,Trinity University,Computer Science,Machine learning|Computer vision|Artificial intelligence
Johanna Jacob,Assistant Professor,Trinity University,Computer Science,Computer science education|Computer security & privacy
Matthew Hibbs,Associate Professor,Trinity University,Computer Science,Computational bio & bioinformatics|Visualization
Paul Myers,Professor,Trinity University,Computer Science,Computer security & privacy|Robotics|Computer science education
Seth Fogarty,Associate Professor,Trinity University,Computer Science,Logic & verification|Algorithms & complexity|Programming languages
Sheng Tan,Associate Professor,Trinity University,Computer Science,Mobile computing|Computer security & privacy|Human-computer interaction
Yu Zhang,Professor,Trinity University,Computer Science,Artificial intelligence
Zeyu Chen,Visiting Assistant Professor,Trinity University,Computer Science,Natural language processing|Machine learning|Computer vision
Aaron Cass,Associate Professor,Union College (NY),Computer Science,Human-computer interaction|Software engineering
Arjun Viswanathan,Visiting Assistant Professor,Union College (NY),Computer Science,Logic & verification
Chris Fernandes,Professor,Union College (NY),Computer Science,Databases|Data science
Georgia Doing,Visiting Assistant Professor,Union College (NY),Computer Science,Machine learning|Data science|Computational bio & bioinformatics
John Rieffel,Professor,Union College (NY),Computer Science,Robotics|Artificial intelligence
Kristina Striegnitz,Associate Professor,Union College (NY),Computer Science,Natural language processing|Robotics|Computer science education
Matt Anderson,Associate Professor,Union College (NY),Computer Science,Algorithms & complexity|Logic & verification|Computational bio & bioinformatics|Quantum computing|Artificial intelligence
Nick Webb,Associate Professor,Union College (NY),Computer Science,Natural language processing|Robotics|Computer science education
Shruti Mahajan,Assistant Professor,Union College (NY),Computer Science,Human-computer interaction
TJ Schlueter,Visiting Assistant Professor,Union College (NY),Computer Science,Artificial intelligence|Economics & computation
Andrew Marshall,Associate Professor,University of Mary Washington,Computer Science,Logic & verification|Artificial intelligence|Cryptography
Evan Coleman,Assistant Professor,University of Mary Washington,Computer Science,High-performance computing|Machine learning|Computer architecture|Distributed systems|Algorithms & complexity
Gusty Cooper,Lecturer,University of Mary Washington,Computer Science,Operating systems|Computer architecture
Ian Finlayson,Associate Professor,University of Mary Washington,Computer Science,Computer architecture|Computer science education
Jennifer Polack,Professor,University of Mary Washington,Computer Science,Computer science education|Games & interactive art|Computer graphics
Jessica Zeitz,Associate Professor,University of Mary Washington,Computer Science,Data science|Visualization
Josh Clements,Lecturer,University of Mary Washington,Computer Science,Artificial intelligence|Human-computer interaction
Karen Anewalt,Professor,University of Mary Washington,Computer Science,Computer science education
Prashant Chandrasekar,Assistant Professor,University of Mary Washington,Computer Science,Artificial intelligence|Human-computer interaction
Stephen Davies,Professor,University of Mary Washington,Computer Science,Data science|Computational social science
Xin-Wen Wu,Associate Professor,University of Mary Washington,Computer Science,Computer security & privacy|Cryptography
Elena Machkasova,Associate Professor,University of Minnesota Morris,Computer Science,Programming languages|Computer science education
Kristin Lamberty,Associate Professor,University of Minnesota Morris,Computer Science,Human-computer interaction
Nic McPhee,Professor,University of Minnesota Morris,Computer Science,Artificial intelligence
Peter Dolan,Associate Professor,University of Minnesota Morris,Mathematics or Statistics,
Wenkai Guan,Assistant Professor,University of Minnesota Morris,Computer Science,Machine learning|Computer architecture
Adam Whitley,Assistant Professor,University of North Carolina Asheville,Computer Science,Algorithms & complexity|Data science
Farzana Rashid,Assistant Professor,University of North Carolina Asheville,Computer Science,Natural language processing|Information retrieval
Kenneth Bogert,Associate Professor,University of North Carolina Asheville,Computer Science,Robotics|Machine learning|Artificial intelligence
Kevin Sanft,Professor,University of North Carolina Asheville,Computer Science,High-performance computing
Marietta Cameron,Professor,University of North Carolina Asheville,Computer Science,Computer vision|Computer graphics|Artificial intelligence
Michael Sarris,Lecturer,University of North Carolina Asheville,Computer Science,
Sarah Van Wart,Assistant Professor,University of North Carolina Asheville,Computer Science,Human-computer interaction|Computational social science|Computer science education|Software engineering|Information retrieval
Adam Smith,Associate Professor,University of Puget Sound,Computer Science,Machine learning|Computational bio & bioinformatics
Alison Paradise,Instructor,University of Puget Sound,Mathematics or Statistics,
America Chambers,Associate Professor,University of Puget Sound,Computer Science,Machine learning|Natural language processing
Cynthia Gibson,Visiting Assistant Professor,University of Puget Sound,Mathematics or Statistics,
David Chiu,Professor,University of Puget Sound,Computer Science,Distributed systems|Data science|High-performance computing
Jake Price,Associate Professor,University of Puget Sound,Mathematics or Statistics,
Maddie Weinstein,Associate Professor,University of Puget Sound,Mathematics or Statistics,
Marissa Masden,Assistant Professor,University of Puget Sound,Computer Science,Machine learning|Computational bio & bioinformatics
Sara Johnson,Visiting Assistant Professor,University of Puget Sound,Mathematics or Statistics,
Sunita Chepuri,Associate Professor,University of Puget Sound,Mathematics or Statistics,
Arthur Charlesworth,Professor,University of Richmond,Computer Science,Artificial intelligence|Programming languages
Barry Lawson,Professor,University of Richmond,Computer Science,Measurement & performance analysis
Catherine Finegan-Dollak,Assistant Professor,University of Richmond,Computer Science,Natural language processing|Artificial intelligence|Machine learning
Douglas Szajda,Associate Professor,University of Richmond,Computer Science,Computer security & privacy|Distributed systems|Artificial intelligence
Joonsuk Park,Associate Professor,University of Richmond,Computer Science,Natural language processing
M Charity,Assistant Professor,University of Richmond,Computer Science,Artificial intelligence|Games & interactive art|Programming languages
Mmachi Obiorah,Assistant Professor,University of Richmond,Computer Science,Human-computer interaction
Patrick Martin,Assistant Professor,University of Richmond,Computer Science,Robotics
Prateek Bhakta,Associate Professor,University of Richmond,Computer Science,Algorithms & complexity|Machine learning|Computer security & privacy
Shweta Ware,Associate Professor,University of Richmond,Computer Science,Mobile computing|Data science|Machine learning
Volkan Bakirdan,Adjunct Instructor,University of Richmond,Computer Science,
William F. Prior,Adjunct Instructor,University of Richmond,Computer Science,Data science
Yucong Jiang,Associate Professor,University of Richmond,Computer Science,Data science|Information retrieval
C Karen,Associate Professor,University of Virginia--Wise,Computer Science,Data science
E Alex,Adjunct Instructor,University of Virginia--Wise,Computer Science,Operating systems|Databases|Programming languages
F David,Senior Instructor,University of Virginia--Wise,Computer Science,Logic & verification|Programming languages
H Robert,Associate Professor,University of Virginia--Wise,Computer Science,Software engineering|Mobile computing|Computer graphics
L Shilpa,Assistant Professor,University of Virginia--Wise,Computer Science,Machine learning|Data science
S Jacob,Professor,University of Virginia--Wise,Computer Science,Human-computer interaction|Computer science education
Christopher Sadowski,Associate Professor,Ursinus College,Mathematics or Statistics,
David Henry,Instructor,Ursinus College,Computer Science,Computer architecture|Embedded & real-time systems|Software engineering
Eric Mawuena Takyi,Assistant Professor,Ursinus College,Mathematics or Statistics,
Hugo Moises Montesinos-Yufa,Associate Professor,Ursinus College,Mathematics or Statistics,
Leslie New,Associate Professor,Ursinus College,Mathematics or Statistics,
Lisa A. Grossbauer,Assistant Professor,Ursinus College,Mathematics or Statistics,
Nicholas Scoville,Professor,Ursinus College,Mathematics or Statistics,
Olena Kozhushkina,Associate Professor,Ursinus College,Computer Science,
Susan Adam,Instructor,Ursinus College,Mathematics or Statistics,
William Mongan,Associate Professor,Ursinus College,Computer Science,Computer science education|Programming languages
Anna Gommerstadt,Assistant Professor,Vassar College,Computer Science,Programming languages|Logic & verification
Heather Newman,Assistant Professor,Vassar College,Computer Science,Algorithms & complexity
Jacob Erickson,Visiting Assistant Professor,Vassar College,Computer Science,Computational social science|Human-computer interaction
Jason Waterman,Associate Professor,Vassar College,Computer Science,Operating systems
Jonathan Gordon,Assistant Professor,Vassar College,Computer Science,Natural language processing
Logan Stapleton,Assistant Professor,Vassar College,Computer Science,Artificial intelligence|Human-computer interaction|Machine learning
Luke Hunsberger,Professor,Vassar College,Computer Science,Artificial intelligence
Marc L. Smith,Professor,Vassar College,Computer Science,Logic & verification|Computational bio & bioinformatics|Programming languages
Peter Lemieszewski,Visiting Assistant Professor,Vassar College,Computer Science,Algorithms & complexity
Rui Manuel Pacheco Meireles,Associate Professor,Vassar College,Computer Science,Computer networks|Distributed systems
Abdullah Al-Alaj,Assistant Professor,Virginia Wesleyan University,Computer Science,Computer security & privacy|Software engineering
Zizhong J. Wang,Professor,Virginia Wesleyan University,Mathematics or Statistics,
Alison Rosenblum,Visiting Assistant Professor,Wabash College,Mathematics or Statistics,
Chad Westphal,Professor,Wabash College,Computer Science,
Colin McKinney,Associate Professor,Wabash College,Computer Science,
Katie Ansaldi,Associate Professor,Wabash College,Computer Science,
Qixin Deng,Assistant Professor,Wabash College,Computer Science,Computer graphics
Ryeongkyung Yoon,Assistant Professor,Wabash College,Computer Science,Machine learning|Artificial intelligence|Data science|Algorithms & complexity
Timur Akhunov,Assistant Professor,Wabash College,Mathematics or Statistics,
William J. Turner,Associate Professor,Wabash College,Computer Science,Algorithms & complexity|Computer science education
Jim Jacobs,Assistant Professor,Wartburg College,Computer Science,Computer science education|Machine learning|Artificial intelligence|Natural language processing
Terry Letsche,Associate Professor,Wartburg College,Computer Science,
Amanda Holland-Minkley,Professor,Washington & Jefferson College,Computer Science,Artificial intelligence|Computer security & privacy
Charles Hannon,Professor,Washington & Jefferson College,Computer Science,Human-computer interaction|Visualization|Design automation
John Ladd,Assistant Professor,Washington & Jefferson College,Computer Science,Computational social science|Data science
Rebecca Rapp,Assistant Professor,Washington & Jefferson College,Computer Science,Data science|Human-computer interaction|Mobile computing|Visualization
Elizabeth Matthews,Associate Professor,Washington and Lee University,Computer Science,
Kefu Lu,Associate Professor,Washington and Lee University,Computer Science,Distributed systems|Algorithms & complexity|Software engineering
Nicholas Gardella,Assistant Professor,Washington and Lee University,Computer Science,Human-computer interaction|Computer science education
Sara Sprenkle,Associate Professor,Washington and Lee University,Computer Science,Software engineering|Distributed systems
Simon Levy,Professor,Washington and Lee University,Computer Science,Machine learning
Trevor Stalnaker,Assistant Professor,Washington and Lee University,Computer Science,Software engineering
Austin Lobo,Associate Professor,Washington College,Computer Science,Algorithms & complexity
Heather Switzer,Assistant Professor,Washington College,Computer Science,High-performance computing
Shaun Ramsey,Professor,Washington College,Computer Science,Computer graphics
Alexa VanHattum,Assistant Professor,Wellesley College,Computer Science,Programming languages|Logic & verification|Software engineering|Operating systems
Brian Brubach,Assistant Professor,Wellesley College,Computer Science,Algorithms & complexity|Economics & computation
Brian Tjaden,Professor,Wellesley College,Computer Science,Computational bio & bioinformatics
Carolyn Anderson,Assistant Professor,Wellesley College,Computer Science,Natural language processing
Catherine Grevet Delcourt,Associate Professor,Wellesley College,Computer Science,Human-computer interaction|Computational social science
Christine Bassem,Associate Professor,Wellesley College,Computer Science,Distributed systems|Economics & computation
Eni Mustafaraj,Associate Professor,Wellesley College,Computer Science,Computational social science
Franklyn Turbak,Associate Professor,Wellesley College,Computer Science,Programming languages|Visualization|Computer science education|Human-computer interaction
Jordan Tynes,Assistant Teaching Professor,Wellesley College,Computer Science,Games & interactive art|Human-computer interaction|Computer science education
Orit Shaer,Associate Professor,Wellesley College,Computer Science,Human-computer interaction
Panagiotis Metaxas,Professor,Wellesley College,Computer Science,Information retrieval|Cryptography
Peter Mawhorter,Associate Teaching Professor,Wellesley College,Computer Science,Artificial intelligence|Games & interactive art|Programming languages|Computational social science|Human-computer interaction
Sara Melnick,Assistant Teaching Professor,Wellesley College,Computer Science,Computer science education|Human-computer interaction
Scott Anderson,Associate Teaching Professor,Wellesley College,Computer Science,Artificial intelligence|Natural language processing|Computer graphics
Smaranda Sandu,Assistant Teaching Professor,Wellesley College,Mathematics or Statistics,
Stella Kakavouli,Teaching Professor,Wellesley College,Computer Science,Computer science education|Data science
Vinitha Gadiraju,Assistant Professor,Wellesley College,Computer Science,Human-computer interaction
Yaniv Yacoby,Assistant Professor,Wellesley College,Computer Science,Machine learning
Dan Licata,Associate Professor,Wesleyan University,Computer Science,Programming languages|Logic & verification
Daniel Krizanc,Professor,Wesleyan University,Computer Science,Algorithms & complexity
James Lipton,Professor,Wesleyan University,Computer Science,Logic & verification|Programming languages
Norman Danner,Professor,Wesleyan University,Computer Science,Programming languages|Algorithms & complexity
Sebastian Zimmeck,Associate Professor,Wesleyan University,Computer Science,Computer security & privacy|Natural language processing
Sonia Roberts,Assistant Professor,Wesleyan University,Computer Science,Robotics
Victoria Ursula Manfredi,Associate Professor,Wesleyan University,Computer Science,Computer networks|Distributed systems
Wai Kiu Chan,Professor,Wesleyan University,Mathematics or Statistics,
Yuxuan Mei,Assistant Professor,Wesleyan University,Computer Science,Computer graphics|Computational bio & bioinformatics
Heather Muchowski,Assistant Professor,Westminster College (PA),Mathematics or Statistics,
John P. Bonomo,Professor,Westminster College (PA),Computer Science,Programming languages|Software engineering|Algorithms & complexity
Natacha Fontes Merz,Associate Professor,Westminster College (PA),Mathematics or Statistics,
Devin Pohly,Senior Lecturer,Wheaton College (IL),Computer Science,Computer security & privacy|Computer science education|Human-computer interaction|Operating systems|Programming languages
Hyunju Kim,Associate Professor,Wheaton College (IL),Computer Science,Software engineering
Thomas VanDrunen,Professor,Wheaton College (IL),Computer Science,Natural language processing|Programming languages|Machine learning
Mark D. LeBlanc,Professor,Wheaton College (MA),Computer Science,Artificial intelligence|Natural language processing
Michael B. Gousie,Professor,Wheaton College (MA),Computer Science,Computer graphics|Visualization
Nicholas Almeder,Visiting Instructor,Wheaton College (MA),Computer Science,
Tony Tong,Assistant Professor,Wheaton College (MA),Computer Science,High-performance computing|Distributed systems|Measurement & performance analysis
Janet Davis,Professor,Whitman College,Computer Science,Human-computer interaction
John Stratton,Associate Professor,Whitman College,Computer Science,High-performance computing|Measurement & performance analysis
Jordan Wirfs-Brock,Assistant Professor,Whitman College,Computer Science,Human-computer interaction
Richard Torres Molina,Visiting Instructor,Whitman College,Computer Science,Machine learning|Human-computer interaction
Sachintha Pitigala,Visiting Assistant Professor,Whitman College,Computer Science,Machine learning
William Bares,Associate Professor,Whitman College,Computer Science,Computer graphics|Human-computer interaction|Computer science education
Calvin K Deutschbein,Assistant Professor,Willamette University,Computer Science,Computer security & privacy
Fred Agbo,Assistant Professor,Willamette University,Computer Science,Computer science education|Human-computer interaction|Games & interactive art
Haiyan Cheng,Professor,Willamette University,Computer Science,Machine learning|Data science|Computer science education
Heather Kitada Smalley,Associate Professor,Willamette University,Mathematics or Statistics,
Hendrik Orem,Assistant Professor,Willamette University,Computer Science,Data science
Jed Rembold,Associate Professor,Willamette University,Computer Science,Data science|Databases
Kristen Gore,Assistant Professor,Willamette University,Mathematics or Statistics,
Lucas P Cordova,Assistant Professor,Willamette University,Computer Science,Software engineering|Artificial intelligence|Computer science education
Rachel A Brown,Assistant Professor,Willamette University,Computer Science,Computer graphics|Computer vision
Zechariah D Meunier,Assistant Professor,Willamette University,Computer Science,Machine learning|Data science
Aaron Williams,Associate Professor,Williams College,Computer Science,Algorithms & complexity|Games & interactive art
Daniel Barowy,Associate Professor,Williams College,Computer Science,Programming languages
James Bern,Assistant Professor,Williams College,Computer Science,Robotics|Computer graphics
Jeannie Albrecht,Professor,Williams College,Computer Science,Distributed systems|Computer networks|Information retrieval
Katie Keith,Assistant Professor,Williams College,Computer Science,Natural language processing|Data science|Computational social science
Kelly Shaw,Professor,Williams College,Computer Science,Computer architecture
Lucas Rosenblatt,Assistant Professor,Williams College,Computer Science,Computer security & privacy|Algorithms & complexity
Mark Hopkins,Associate Professor,Williams College,Computer Science,Natural language processing|Artificial intelligence
Nate Chambers,Associate Professor,Williams College,Computer Science,
Rohit Bhattacharya,Assistant Professor,Williams College,Computer Science,Machine learning|Computational bio & bioinformatics
Samuel McCauley,Associate Professor,Williams College,Computer Science,Algorithms & complexity|Data science|Information retrieval
Shikha Singh,Associate Professor,Williams College,Computer Science,Algorithms & complexity|Economics & computation
Stephen N. Freund,Professor,Williams College,Computer Science,Programming languages|Software engineering
William Jannen,Associate Professor,Williams College,Computer Science,Databases|Data science|Operating systems|Computer architecture|Distributed systems
Sunday Ngwobia,Assistant Professor,Wittenberg University,Computer Science,Computer security & privacy|Natural language processing|Machine learning|Artificial intelligence
Theresa Wilson,Professor of Practice,Wittenberg University,Computer Science,Natural language processing
Aaron L. Garrett,Associate Professor,Wofford College,Computer Science,Artificial intelligence
Beau M. Christ,Associate Professor,Wofford College,Computer Science,Machine learning|Computer vision|Data science|Computational bio & bioinformatics
Nicole Tobias,Assistant Professor,Wofford College,Computer Science,
