name,title,college,openalex_id,openalex_citedby,openalex_hindex,openalex_i10index
April Grow,Lecturer,Albion College,,,,
Christopher Grow,Visiting Instructor,Albion College,,,,
Darren E. Mason,Professor,Albion College,,,,
David A. Reimann,Professor,Albion College,A5045511438,1268,9,8
Mark E. Bollman,Professor,Albion College,A5037066402,25,2,1
Mauricio Marengoni,Associate Professor,Albion College,A5001535161,855,11,11
Tim Clark,Associate Professor,Albion College,,,,
Yuming Zhang,Assistant Professor,Albion College,,,,
Dave Kaul,Assistant Professor,Albright College,,,,
David Kopec,Professor,Albright College,,,,
Don Baldridge,Assistant Professor,Albright College,,,,
Douglas Luman,Assistant Professor,Allegheny College,A5133591354,0,0,0
Gregory Kapfhammer,Associate Professor,Allegheny College,A5084185098,1966,23,51
Janyl Jumadinova,Associate Professor,Allegheny College,A5000881185,137,6,5
Oliver Bonham-Carter,Associate Professor,Allegheny College,A5028954340,293,6,3
Andrew Wu,Assistant Professor,Amherst College,A5104025066,135,6,4
John E. Rager,Professor,Amherst College,A5026126307,23,3,0
Kristy Gardner,Associate Professor,Amherst College,A5033686434,752,13,17
Lee Spector,Professor,Amherst College,A5044142640,6011,41,112
Lillian C. Pentecost,Assistant Professor,Amherst College,A5086251333,865,10,11
Matteo Riondato,Associate Professor,Amherst College,A5021368473,1454,19,31
Myroslav Kryven,Assistant Professor,Amherst College,,,,
Scott F. Kaplan,Professor,Amherst College,A5042688944,749,12,12
Scott P. Alfeld,Associate Professor,Amherst College,A5047473680,491,7,5
Shira B. Wein,Assistant Professor,Amherst College,A5075058724,43,3,1
Sophia Yoo,Assistant Professor,Amherst College,,,,
Andrew P. Sward,Associate Professor,Augustana College,A5010396541,87,2,2
Brooke Randazzo,Assistant Professor,Augustana College,,,,
Forrest J. Stonedahl,Associate Professor,Augustana College,A5066114135,644,10,11
Nidhi Mourya,Visiting Instructor,Augustana College,,,,
Robert Dickerson,Assistant Professor,Augustana College,,,,
Stacey Rodman,Professor,Augustana College,,,,
Zhengyi Li,Assistant Professor,Augustana College,,,,
Aaron Block,Associate Professor,Austin College,,,,
Michael Higgs,Professor,Austin College,,,,
Samuel Kroger,Assistant Professor,Austin College,,,,
Seema Aarella,Assistant Professor,Austin College,A5027629934,49,4,1
Annabel Rothschild,Assistant Professor,Bard College,A5042180713,104,6,3
Bob McGrail,Associate Professor,Bard College,,,,
Emma Benser,Assistant Professor,Bard College,A5125899104,0,0,0
Jordan Ayala,Assistant Professor,Bard College,,,,
Kerri-Ann Norton,Associate Professor,Bard College,,,,
Sven Anderson,Associate Professor,Bard College,A5020357707,150,7,6
Theresa Law,Assistant Professor,Bard College,A5000437898,370,8,8
Valerie Barr,Professor,Bard College,A5032043719,2326,13,19
Ahmer Arif,Assistant Professor,Barnard College,,,,
Corey Toler-Franklin,Assistant Professor,Barnard College,,,,
Eysa Lee,Assistant Professor,Barnard College,A5009945265,428,7,7
Lucy Simko,Assistant Professor,Barnard College,A5030968888,316,10,10
Mark Santolucito,Assistant Professor,Barnard College,A5031902968,223,9,9
Rebecca Wright,Professor,Barnard College,A5056396401,4408,35,63
Smaranda Muresan,Associate Professor,Barnard College,,,,
Tiffany Tseng,Assistant Professor,Barnard College,A5028065436,407,10,12
Ben Stucky,Assistant Professor,Beloit College,A5098921371,1,1,0
Eyad Haj Said,Associate Professor,Beloit College,A5109476947,126,7,3
Katherine Harris,Assistant Professor,Beloit College,A5082261268,3324,8,7
Sohaib Kiani,Assistant Professor,Beloit College,,,,
Tom Stojsavljevic,Assistant Professor,Beloit College,,,,
Darcy Otto,Faculty,Bennington College,,,,
Deanna Wilborne,Assistant Professor,Berea College,,,,
Jacqueline Boggs,Assistant Professor,Berea College,,,,
Jan Pearce,Professor,Berea College,A5043638663,626,11,13
Jasmine Jones,Associate Professor,Berea College,A5012912262,669,16,19
Mario Nakazawa,Associate Professor,Berea College,A5089825179,73,5,3
Scott Heggen,Associate Professor,Berea College,A5077148168,272,6,4
Alex Mathew,Associate Professor,Bethany College (WV),,,,
Fujiko Nito,Professor,Bethany College (WV),,,,
Perry Lund,Adjunct Assistant Professor,Bethany Lutheran College,,,,
Bobak Kiani,Assistant Professor,Bowdoin College,,,,
Christopher Martin,Visiting Lecturer,Bowdoin College,,,,
Cibele Matos Freire,Assistant Professor,Bowdoin College,,,,
David Byrd,Assistant Professor,Bowdoin College,A5110306774,26358,57,114
Jeffrey Knockel,Assistant Professor,Bowdoin College,A5090676946,1260,17,23
Jeová Farias,Assistant Professor,Bowdoin College,,,,
Laura I. Toma,Professor,Bowdoin College,A5103550036,655,14,15
Sarah M. Harmon,Associate Professor,Bowdoin College,A5029261896,85,5,2
Sean K. Barker,Associate Professor,Bowdoin College,A5043080680,1091,15,16
Eric McGregor,Associate Professor,Bridgewater College,,,,
James D. Bowling,Associate Professor,Bridgewater College,A5045341948,3,1,0
Verne E. Leininger,Associate Professor,Bridgewater College,,,,
Vickie Denlinger,Instructor,Bridgewater College,,,,
Elizabeth Hollister Rogers,Professor,Bryn Athyn College,,,,
Ellen McKee,Adjunct Professor,Bryn Athyn College,,,,
Fredrik Bryntesson,Professor,Bryn Athyn College,,,,
Neil Simonetti,Professor,Bryn Athyn College,A5047226794,235,5,3
Ryan Pine,Assistant Professor,Bryn Athyn College,,,,
Stella Evans,Assistant Professor,Bryn Athyn College,,,,
Thomas Frazier,Lecturer,Bryn Athyn College,,,,
Adam Poliak,Assistant Professor,Bryn Mawr College,A5032380221,3819,18,25
Aline Normoyle,Assistant Professor,Bryn Mawr College,A5034108921,458,11,11
Dianna Xu,Professor,Bryn Mawr College,A5113753479,307,11,12
Elizabeth Dinella,Assistant Professor,Bryn Mawr College,A5063180853,253,4,4
Michael Wehar,Visiting Assistant Professor,Bryn Mawr College,A5056314718,71,7,3
Ramesh Garimella,Visiting Professor,Bryn Mawr College,,,,
Alan Marchiori,Associate Professor,Bucknell University,A5053248936,623,10,13
Alexander Fuchsberger,Associate Teaching Professor,Bucknell University,A5040086047,21,3,0
Anne Ross,Assistant Professor,Bucknell University,A5066835164,1110,12,12
Brian King,Associate Professor,Bucknell University,A5062573510,419,9,9
Chris Mitsch,Visiting Assistant Professor,Bucknell University,,,,
Darakhshan Mir,Associate Professor,Bucknell University,A5068511918,456,9,9
Edward Talmage,Associate Professor,Bucknell University,A5043782618,53,4,2
Jessen Havill,Professor,Bucknell University,,,,
Joshua Stough,Associate Professor,Bucknell University,A5011342579,872,13,18
Lea Wittie,Associate Professor,Bucknell University,A5024183391,75,5,3
Lily Romano,Instructor,Bucknell University,,,,
Luiz Felipe Perrone,Professor,Bucknell University,A5074151199,704,15,17
Rajesh Kumar,Assistant Professor,Bucknell University,A5101522245,506,8,8
Samuel Gutekunst,Assistant Professor,Bucknell University,A5044065045,25,3,0
SingChun Lee,Assistant Professor,Bucknell University,A5025454355,581,12,17
Todd Schmid,Assistant Professor,Bucknell University,A5087089457,34,4,0
Amy Csizmar Dalal,Professor,Carleton College,A5056822686,106,7,4
Anna Meyer,Assistant Professor,Carleton College,,,,
Anna Rafferty,Professor,Carleton College,A5038687622,1832,20,37
Anya Vostinar,Assistant Professor,Carleton College,A5070798686,333,6,5
Chelsey Edge,Assistant Professor,Carleton College,,,,
David Liben-Nowell,Associate Professor,Carleton College,,,,
David Musicant,Professor,Carleton College,A5026793345,1632,18,21
Eric Alexander,Associate Professor,Carleton College,A5087042012,301,7,6
Jean Salac,Assistant Professor,Carleton College,A5027116733,362,11,13
Jeff Ondich,Professor,Carleton College,A5008039739,24,2,2
Josh Davis,Senior Lecturer,Carleton College,A5019068125,305,9,8
Layla Oesper,Associate Professor,Carleton College,A5082161675,17308,34,42
Sneha Narayan,Assistant Professor,Carleton College,A5043207926,118,6,3
Tanya Amert,Assistant Professor,Carleton College,A5090371978,445,9,9
Mark Johnson,Professor,Central College,A5034461489,26204,64,213
Robert Franks,Professor,Central College,,,,
Stephen Fyfe,Professor,Central College,A5090733659,23,2,1
Dave Toth,Professor,Centre College,,,,
Michael K. Bradshaw,Professor,Centre College,A5088785197,159,6,5
Thomas E. Allen,Associate Professor,Centre College,A5103442019,43,4,1
William Bailey,Assistant Professor,Centre College,,,,
Abdelrahman Desoky,Associate Professor,Claflin University,A5087327461,307,11,11
Karina Liles,Associate Professor,Claflin University,A5044095068,2597,6,5
Ms. Erika L. Rhett,Lecturer,Claflin University,,,,
Pawar Shrikant,Assistant Professor,Claflin University,,,,
Chiu-Yen Kao,Professor,Claremont McKenna College,A5045327320,5298,28,46
Michael Izbicki,Associate Professor,Claremont McKenna College,A5021467697,93,5,4
Raylen Witter,Assistant Professor,Claremont McKenna College,,,,
Sarah Cannon,Associate Professor,Claremont McKenna College,A5032733831,223,6,6
Calvin Van Niewaal,Professor,Coe College,,,,
Michael Stobb,Associate Professor,Coe College,,,,
Namrata Saha,Visiting Assistant Professor,Coe College,,,,
Stephen Hughes,Professor,Coe College,A5109908631,933,16,19
Terry Hostetler,Professor,Coe College,,,,
Allen Harper,Assistant Professor,Colby College,,,,
Eric Aaron,Associate Professor,Colby College,A5085664346,373,8,8
Hannen Wolfe,Assistant Professor,Colby College,A5055078057,39,4,1
Ike Lage,Assistant Professor,Colby College,A5051573028,485,9,8
Max Bender,Assistant Professor,Colby College,,,,
Naser Al Madi,Visiting Assistant Professor,Colby College,A5024656415,140,6,3
Oliver Layton,Associate Professor,Colby College,A5069341270,442,12,12
Stacy Doore,Assistant Professor,Colby College,A5082142554,284,9,8
Stephanie Taylor,Professor,Colby College,A5078189551,9142,38,78
Tahiya Chowdhury,Assistant Professor,Colby College,A5065468004,31,3,0
Ying Li,Associate Professor,Colby College,A5100414447,214,6,3
Aaron Gember-Jacobson,Associate Professor,Colgate University,A5002160728,2430,25,31
David Perkins,Visiting Assistant Professor,Colgate University,,,,
Elodie Fourquet,Associate Professor,Colgate University,A5065869457,27,2,1
Forrest Davis,Assistant Professor,Colgate University,A5056847924,41,3,1
Georgiana Haldeman,Assistant Professor,Colgate University,A5012273193,15,3,0
Grusha Prasad,Assistant Professor,Colgate University,A5012154069,222,8,7
Joel Sommers,Professor,Colgate University,A5077852213,3071,30,42
Katelyn Valete,Lab Instructor,Colgate University,,,,
Matt Lyboult,Senior Lab Instructor,Colgate University,,,,
Nicholas Diana,Assistant Professor,Colgate University,A5030975112,260,5,5
Noah Apthorpe,Associate Professor,Colgate University,A5082338011,1118,15,17
Puck Wen,Assistant Professor,Colgate University,,,,
Valerie Cucura,Senior Lab Instructor,Colgate University,,,,
Vijay Ramachandran,Associate Professor,Colgate University,A5103332469,437,10,11
Heather Amthauer,Associate Professor,College of St Benedict,,,,
Imad Rahal,Professor,College of St Benedict,,,,
Peter Ohmann,Associate Professor,College of St Benedict,,,,
Robert Hesse,Associate Professor,College of St Benedict,,,,
Srikanth Vemula,Assistant Professor,College of St Benedict,,,,
Vijay Srinivas Tida,Assistant Professor,College of St Benedict,,,,
Adam Lammert,Assistant Professor,College of the Holy Cross,A5046812723,1090,16,23
Farhad Mohsin,Assistant Professor,College of the Holy Cross,,,,
Kevin Walsh,Associate Professor,College of the Holy Cross,A5102968738,2047,14,20
Laurie Smith King,Professor,College of the Holy Cross,A5027561302,123,7,4
Ting Gu,Assistant Professor,College of the Holy Cross,A5029771940,4,2,0
Zack Fitzsimmons,Associate Professor,College of the Holy Cross,A5046438962,79,4,3
Alex Nord,Assistant Professor,College of Wooster,,,,
Dan Palmer,Professor,College of Wooster,A5077194830,1,1,0
Drew Guarnera,Assistant Professor,College of Wooster,,,,
Heather Guarnera,Assistant Professor,College of Wooster,A5081402304,188,8,6
John Musgrave,Visiting Assistant Professor,College of Wooster,A5007218294,394,9,7
Sofia Visa,Professor,College of Wooster,A5088427316,872,9,9
Ben Nye,Assistant Professor,Colorado College,A5044071498,196,8,6
Beth Malmskog,Associate Professor,Colorado College,A5078318963,158,6,5
Blake Jackson,Assistant Professor,Colorado College,,,,
Cory B Scott,Assistant Professor,Colorado College,A5075829832,144,5,2
Danielle Ellsworth,Assistant Professor,Colorado College,A5083362760,205,8,7
David Brown,Professor,Colorado College,,,,
Flavia Sancier-Barbosa,Associate Professor,Colorado College,,,,
Ike Agbanusi,Assistant Professor,Colorado College,A5078253317,31,1,1
Jane McDougall,Associate Professor,Colorado College,A5002382767,488,4,2
Janet Burge,Associate Professor,Colorado College,A5021501207,1363,16,26
Luis David Garcia Puente,Professor,Colorado College,A5005340752,594,12,13
Mike Siddoway,Professor,Colorado College,A5024949509,11,2,0
Minho Kim,Assistant Professor,Colorado College,,,,
Molly Moran,Associate Professor,Colorado College,A5073449996,46,4,1
Rebecca Garcia,Professor,Colorado College,A5074834712,62,4,1
Stefan Erickson,Associate Professor,Colorado College,A5089751508,30,3,1
Varsha Koushik,Assistant Professor,Colorado College,A5063836672,279,8,7
Ahmed Kamel,Professor,Concordia College,,,,
Damian Lampl,Associate Professor,Concordia College,,,,
Gregory Tanner,Associate Professor,Concordia College,,,,
Christine Chung,Professor,Connecticut College,A5005257501,202,7,6
Gary Parker,Professor,Connecticut College,A5014072754,663,12,23
John Schaeffer,Adjunct Instructor,Connecticut College,,,,
Ozgur Izmirli,Professor,Connecticut College,,,,
Robert Peitzsch,Adjunct Professor,Connecticut College,,,,
S. James Lee,Professor,Connecticut College,A5100416597,135,3,3
Stephen Douglass,Associate Professor,Connecticut College,,,,
Thomas Daggett,Adjunct Professor,Connecticut College,,,,
Timothy Becker,Associate Professor,Connecticut College,,,,
William Barnes,Adjunct Instructor,Connecticut College,,,,
William Tarimo,Associate Professor,Connecticut College,A5072551791,79,6,2
Ajit Chavan,Associate Professor,Cornell College,,,,
Lauren Jepsen,Assistant Professor,Cornell College,,,,
Jeff Humphries,Professor,Covenant College,,,,
Zeyu Zhou,Visiting Assistant Professor,Covenant College,,,,
Ana Wright,Assistant Professor,Davidson College,,,,
Angel Chavez,Assistant Professor,Davidson College,,,,
Carl Yerger,Professor,Davidson College,A5029000112,104,7,4
Catherine Nemitz,Assistant Professor,Davidson College,A5065938716,53,5,2
Hammurabi Mendes,Associate Professor,Davidson College,A5049822188,387,7,6
Heather Blake,Associate Professor,Davidson College,A5025176676,10,2,0
Jonad Pulaj,Associate Professor,Davidson College,A5070329454,129,3,2
Katy Williams,Assistant Professor,Davidson College,A5006952113,69,5,3
Laurie Heyer,Associate Professor,Davidson College,A5003136820,2002,15,16
Matthew Bachmann,Visiting Assistant Professor,Davidson College,,,,
Raghu Ramanujan,Associate Professor,Davidson College,A5007877912,289,9,8
Tabitha Peck,Associate Professor,Davidson College,A5090060844,3093,20,23
Terrence Lim,Assistant Professor,Davidson College,,,,
Tim Chartier,Professor,Davidson College,A5079664338,454,5,4
Yan Zhuang,Associate Professor,Davidson College,A5009698718,3487,28,79
Ashwin Lall,Professor,Denison University,A5085185917,1157,18,25
David Kahn,Assistant Professor,Denison University,,,,
Flannery Currin,Assistant Professor,Denison University,A5004358707,99,6,4
Matt Kretchmar,Professor,Denison University,A5041064703,256,2,2
Michael Chavrimootoo,Assistant Professor,Denison University,A5061361547,5,1,0
Mikey Goldweber,Professor,Denison University,A5001238870,1091,17,27
Stacey Truex,Assistant Professor,Denison University,A5066370292,3992,22,26
Allana Johnson,Instructor,DePauw University,A5051494273,26,3,1
Brian Howard,Associate Professor,DePauw University,A5112076971,880,10,11
Chad Byers,Associate Professor,DePauw University,A5016648608,43,3,1
Gloria Townsend,Professor,DePauw University,A5020163854,230,7,7
Khadija Stewart,Professor,DePauw University,A5040644002,114,3,2
Mehmet Gulum,Assistant Professor,DePauw University,A5042395265,173,4,1
Paul Bible,Assistant Professor,DePauw University,A5078212239,1171,15,19
Scott Thede,Professor,DePauw University,A5062717357,247,4,3
Dick Forrester,Professor,Dickinson College,,,,
Farhan Siddiqui,Associate Professor,Dickinson College,A5101954879,2089,24,50
Grant Braught,Professor,Dickinson College,A5057807588,550,11,11
John MacCormick,Professor,Dickinson College,A5090357402,3407,27,34
Matt Ferland,Assistant Professor,Dickinson College,A5022586125,46,4,2
William Goble,Lecturer,Dickinson College,,,,
Adam Michlin,Assistant Professor,Drew University,,,,
Alex Rudniy,Associate Professor,Drew University,A5065019593,151,7,6
Barry Burd,Professor,Drew University,A5075206599,199,6,6
Chris Gibbs,Adjunct Professor,Drew University,,,,
Diane Liporace,Assistant Teaching Professor,Drew University,,,,
Fred Meyer,Adjunct Professor,Drew University,,,,
Prasad Kothapalli,Adjunct Professor,Drew University,,,,
Valerie Siyuan Feng,Assistant Professor,Drew University,,,,
Yi Lu,Associate Professor,Drew University,A5101644547,29,4,0
Charlie Peck,Associate Professor,Earlham College,A5109506619,398,9,8
Debanjali Banerjee,Assistant Professor,Earlham College,A5082811476,163,6,5
Fatemeh Valizadeh Gamchi,Assistant Professor,Earlham College,,,,
Yunting Yin,Assistant Professor,Earlham College,A5101267356,15,2,0
Injoo Kim,Associate Professor,East-West University,,,,
Julie Zhang,Associate Professor,East-West University,,,,
Komal Vashisht,Adjunct Instructor,East-West University,,,,
Holger Mauch,Professor,Eckerd College,A5005674714,209,6,4
Kelly R. Debure,Professor,Eckerd College,A5069695635,28,3,2
Michael L Hilton,Associate Professor,Eckerd College,,,,
Brad McDanel,Associate Professor,Franklin & Marshall College,A5021927383,2594,13,13
Ed Novak,Associate Professor,Franklin & Marshall College,A5018914292,775,13,13
Jacob Logas,Assistant Professor,Franklin & Marshall College,,,,
Jing Hu,Associate Professor,Franklin & Marshall College,A5101421877,3269,14,19
Justin D Brody,Associate Professor,Franklin & Marshall College,A5000242153,41,4,0
Tony J Weaver,Adjunct Senior Instructor,Franklin & Marshall College,,,,
Willie Wilson,Associate Professor,Franklin & Marshall College,,,,
Kerry Smith,Professor,Franklin College,A5025182174,44,4,1
Robert Beasley,Professor,Franklin College,A5102472745,61,3,1
Andrea Tartaro,Professor,Furman University,A5086250772,407,10,10
Chris Alvin,Associate Professor,Furman University,A5032800073,261,8,8
Kevin Treu,Professor,Furman University,A5071442089,152,7,5
Rebecca Drucker,Assistant Professor,Furman University,A5037250892,232,6,6
Syed Fahad Sultan,Assistant Professor,Furman University,,,,
Clif Presser,Associate Professor,Gettysburg College,A5060173017,74,5,2
Daniel White,Lecturer,Gettysburg College,,,,
Ivaylo Ilinkin,Professor,Gettysburg College,A5076154938,90,5,4
Jonathan Hoffman,Adjunct Instructor,Gettysburg College,,,,
Sunghee Sunny Kim,Professor,Gettysburg College,A5100654454,1464,18,22
Todd W. Neller,Professor,Gettysburg College,A5028487946,387,9,8
Irvin J. Levy,Professor,Gordon College,A5049442610,513,11,11
Jonathan R. Senning,Professor,Gordon College,A5017914002,55,2,1
Russell C. Bjork,Professor,Gordon College,,,,
Jill Zimmerman,Professor,Goucher College,A5087480350,30,3,2
Mohammad Naderi Dehkordi,Associate Professor,Goucher College,,,,
Robert Lewand,Professor,Goucher College,A5001439595,259,5,4
Thomas Kelliher,Associate Professor,Goucher College,A5108526002,144,6,4
Ali Allami,Associate Professor,Grinnell College,,,,
Charlie Curtsinger,Associate Professor,Grinnell College,A5053167314,907,10,10
Eric Autry,Assistant Professor,Grinnell College,,,,
Fernanda Eliott,Assistant Professor,Grinnell College,A5070023579,7,1,0
Jerod Weinman,Associate Professor,Grinnell College,A5061152084,798,15,22
Nicole Eikmeier,Associate Professor,Grinnell College,A5088002094,209,7,7
Peter-Michael Osera,Associate Professor,Grinnell College,A5020115127,590,8,8
Samuel A. Rebelsky,Professor,Grinnell College,A5003071239,288,9,7
Shawn Ong,Assistant Professor,Grinnell College,,,,
William Rebelsky,Assistant Professor,Grinnell College,A5055697563,18,3,0
Aaron Nienow,Senior Instructor,Gustavus Adolphus College,,,,
Baili Chen,Associate Professor,Gustavus Adolphus College,,,,
Guarionex Salivia,Associate Professor,Gustavus Adolphus College,A5026914794,38,3,1
Jacob Siehler,Associate Professor,Gustavus Adolphus College,A5025689795,79,3,2
Jeff Ford,Visiting Assistant Professor,Gustavus Adolphus College,A5110437679,25,2,1
Jillian Downey,Associate Professor,Gustavus Adolphus College,A5027888988,32,3,1
Laura Hildreth,Associate Professor,Gustavus Adolphus College,A5082555810,105,6,5
Louis Yu,Associate Professor,Gustavus Adolphus College,A5111448215,716,12,12
Thomas LoFaro,Professor,Gustavus Adolphus College,A5068789022,456,9,9
Darren Strash,Associate Professor,Hamilton College,A5066225806,1243,15,18
Han Dong,Assistant Professor,Hamilton College,A5101516561,404,8,7
Karyn Doke,Assistant Professor,Hamilton College,,,,
Sarah Morrison-Smith,Assistant Professor,Hamilton College,A5087816404,828,8,8
Shawn Chen,Assistant Professor,Hamilton College,,,,
Thomas Helmuth,Associate Professor,Hamilton College,A5083108240,1413,20,38
Wenbo Wang,Visiting Assistant Professor,Hamilton College,,,,
Brian Lins,Professor,Hampden-Sydney College,,,,
Dylan Domel-White,Assistant Professor,Hampden-Sydney College,,,,
John Machacek,Assistant Professor,Hampden-Sydney College,,,,
Joseph Rennie,Assistant Professor,Hampden-Sydney College,,,,
Michael C. Strayer,Associate Professor,Hampden-Sydney College,,,,
Rebecca Jayne,Associate Professor,Hampden-Sydney College,,,,
Sarah Loeb,Associate Professor,Hampden-Sydney College,,,,
William Tolley,Assistant Professor,Hampden-Sydney College,,,,
Barbara Wahl,Professor,Hanover College,A5079610149,0,0,0
Haris Skiadas,Professor,Hanover College,,,,
Jeffrey LaMarche,Visiting Instructor,Hanover College,,,,
Howard Lichtman,Professor,Hartwick College,,,,
Arthi Padmanabhan,Assistant Professor,Harvey Mudd College,A5069421494,265,4,1
Ben Wiedermann,Associate Professor,Harvey Mudd College,A5006874689,2593,12,15
Beth Trushkowsky,Associate Professor,Harvey Mudd College,A5074747066,506,8,7
Calden Wloka,Assistant Professor,Harvey Mudd College,,,,
Chris Stone,Professor,Harvey Mudd College,A5068034903,4926,32,60
Erin Talvitie,Professor,Harvey Mudd College,A5078503328,15,3,0
George Montañez,Associate Professor,Harvey Mudd College,A5041066830,264,7,7
Jim Boerkoel,Professor,Harvey Mudd College,A5055168327,326,12,13
Jonathan Chang,Assistant Professor,Harvey Mudd College,A5112330765,1027,10,11
Julie Medero,Associate Professor,Harvey Mudd College,A5040137230,101,7,5
Katherine Breeden,Associate Professor,Harvey Mudd College,A5034352058,428,5,5
Lucas Bang,Associate Professor,Harvey Mudd College,A5061187880,337,8,7
Lynn Kirabo,Assistant Professor,Harvey Mudd College,A5064962100,141,6,6
Melissa O'Neill,Professor,Harvey Mudd College,A5023450850,250,8,7
Tim Randolph,Assistant Professor,Harvey Mudd College,A5102956208,113,4,2
Vidushi Ojha,Assistant Professor,Harvey Mudd College,A5054445678,9,1,0
Xanda Schofield,Associate Professor,Harvey Mudd College,,,,
Zach Dodds,Professor,Harvey Mudd College,A5037794678,900,16,19
Alvin Grissom,Associate Professor,Haverford College,A5088386242,463,5,5
David Wonnacott,Professor,Haverford College,A5048744223,1736,20,24
Dung Nguyen,Visiting Assistant Professor,Haverford College,,,,
John Dougherty,Associate Professor,Haverford College,A5015357170,248,9,7
Sorelle Friedler,Professor,Haverford College,A5086384189,6487,20,29
Steven Lindell,Professor,Haverford College,A5031196296,319,8,8
Thao Nguyen,Assistant Professor,Haverford College,,,,
Brent A. Yorgey,Associate Professor,Hendrix College,A5058418924,308,7,5
Brian Delavan,Adjunct Professor,Hendrix College,,,,
Gabriel Ferrer,Professor,Hendrix College,A5085367021,57,4,2
Mark Goadrich,Professor,Hendrix College,A5075296222,6478,7,7
Chris Fietkiewicz,Associate Professor,Hobart and William Smith College,,,,
Erika L.C. King,Associate Professor,Hobart and William Smith College,,,,
Hanqing Hu,Assistant Professor,Hobart and William Smith College,,,,
Jennifer Biermann,Associate Professor,Hobart and William Smith College,,,,
Jocelyn Bell,Associate Professor,Hobart and William Smith College,,,,
Jonathan E Forde,Professor,Hobart and William Smith College,,,,
Joseph Rusinko,Professor,Hobart and William Smith College,,,,
Stina S Bridgeman,Associate Professor,Hobart and William Smith College,,,,
Yan Hao,Associate Professor,Hobart and William Smith College,,,,
Charles Cusack,Professor,Hope College,A5016956491,111,7,5
Fola Olagbemi,Assistant Professor,Hope College,,,,
Michael Jipping,Professor,Hope College,A5066193809,122,5,4
Ryan McFall,Professor,Hope College,A5070840199,213,7,5
Babafemi Sorinolu,Assistant Professor,Houghton University,A5128366693,0,0,0
Katrina Koehler,Associate Professor,Houghton University,,,,
Takako Soma,Associate Professor,Illinois College,A5113832994,188,3,2
Elainea Neville,Instructor,Juniata College,,,,
Gerald W. Kruse,Professor,Juniata College,A5073819492,135,4,2
Jianyuan Ni,Assistant Professor,Juniata College,A5016414308,143,5,4
Jigar Patel,Lecturer,Juniata College,,,,
John J. Wright,Associate Professor,Juniata College,A5044784389,951,14,21
William H. Thomas,Professor,Juniata College,A5022216405,10,2,0
Alyce Brady,Professor,Kalamazoo College,A5082967524,119,5,3
Nicholas Polanco,Visiting Assistant Professor,Kalamazoo College,,,,
Pam Cutter,Professor,Kalamazoo College,A5031857701,44,3,2
Sandino Vargas-Pérez,Associate Professor,Kalamazoo College,,,,
Tasnim Gharaibeh,Assistant Professor,Kalamazoo College,A5070919177,133,3,1
David Bunde,Professor,Knox College,A5005348702,443,11,13
Jaime Spacco,Associate Professor,Knox College,A5017333566,1895,22,30
Jurdana Masuma Iqrah,Assistant Professor,Knox College,,,,
Michael Gerten,Visiting Instructor,Knox College,A5032072064,19,3,0
Shengting Cao,Assistant Professor,Knox College,A5133855176,0,0,0
Christian Lopez,Assistant Professor,Lafayette College,,,,
Ge Xia,Professor,Lafayette College,A5112078381,2258,19,36
Jeffrey O. Pfaffmann,Associate Professor,Lafayette College,A5073700642,66,5,3
Jia Tao,Associate Professor,Lafayette College,A5037154317,10,2,0
Jonathan Dahl,Senior Lecturer,Lafayette College,,,,
Jorge Silveyra,Assistant Professor,Lafayette College,A5117400454,2,1,0
Justin Smith,Assistant Professor,Lafayette College,A5020005323,1853,16,21
Lauren Biernacki,Assistant Professor,Lafayette College,A5042598156,95,5,3
Sofia Serrano,Assistant Professor,Lafayette College,A5045156473,473,4,4
Craig Knuckles,Professor,Lake Forest College,A5036161189,14,2,0
Dakotah Lambert,Assistant Professor,Lake Forest College,A5135268045,0,0,0
Enrique Trevino,Professor,Lake Forest College,,,,
Gunjan Sharma,Visiting Assistant Professor,Lake Forest College,A5133297205,0,0,0
Sara Jamshidi,Assistant Professor,Lake Forest College,,,,
Sugata Banerji,Associate Professor,Lake Forest College,A5011038179,283,9,8
Kent Tyler,Assistant Professor,Lane College,,,,
Kitai Jeong,Assistant Professor,Lane College,,,,
Sheldon Liang,Assistant Professor,Lane College,A5108434652,65,5,3
Acacia Ackles,Assistant Professor,Lawrence University,,,,
Joseph N. Gregg,Associate Professor,Lawrence University,A5053236373,5,1,0
Kurt Krebsbach,Professor,Lawrence University,A5054526238,202,7,6
Kyle Diederich,Visiting Assistant Professor,Lawrence University,,,,
David Lovitz,Visiting Professor,Lewis & Clark College,,,,
Sweta Suryanarayan,Assistant Professor,Lewis & Clark College,,,,
Chuck Lundon,Professor,Linfield University,,,,
Daniel Ford,Assistant Professor,Linfield University,,,,
Jennifer Nordstrom,Professor,Linfield University,,,,
Kate Lorenzen,Assistant Professor,Linfield University,,,,
Mike Hitchman,Professor,Linfield University,,,,
Nurideen Abubakari,Assistant Professor,Linfield University,,,,
Stephen Bricher,Professor,Linfield University,,,,
Yujie Wang,Assistant Professor,Linfield University,,,,
Kar Ee Ho,Assistant Professor,Luther College,,,,
Roman Yasinovskyy,Associate Professor,Luther College,,,,
Sanad Aburass,Assistant Professor,Luther College,A5016244805,280,9,9
Thuy Do,Assistant Professor,Luther College,A5062466077,4880,33,71
Adrian Rublein,Assistant Professor,Lycoming College,,,,
Krish Pillai,Assistant Professor,Lycoming College,,,,
Marcus Birkenkrahe,Associate Professor,Lyon College,A5043398304,9,1,0
Pietro Dall'Olio,Assistant Professor,Lyon College,,,,
Abby Marsh,Associate Professor,Macalester College,,,,
Amin Alhashim,Visiting Assistant Professor,Macalester College,A5077674077,74,6,2
Bret Jackson,Professor,Macalester College,A5034283634,412,10,11
Dan Drake,Visiting Assistant Professor,Macalester College,,,,
Daniel O'Loughlin,Visiting Assistant Professor,Macalester College,A5066285505,4,1,0
Elizabeth Ernst,Assistant Professor,Macalester College,A5010785906,34,2,1
Elizabeth Shoop,Professor,Macalester College,A5044182284,1419,16,23
Getiria Onsongo,Associate Professor,Macalester College,A5028223333,1000,15,18
Joslenne Peña,Assistant Professor,Macalester College,A5036331004,77,3,1
Lauren Milne,Associate Professor,Macalester College,A5003612486,569,13,15
Lian Duan,Instructor,Macalester College,,,,
Paul Cantrell,Senior Instructor,Macalester College,,,,
Shilad Sen,Professor,Macalester College,A5069561077,4424,23,32
Suhas Arehalli,Assistant Professor,Macalester College,A5046077921,91,4,3
Susan Fox,Professor,Macalester College,A5103992946,22,3,0
Barbara Johnson,Associate Professor,Maryville College,,,,
David Eve,Professor,Massachusetts College of Liberal Arts,,,,
Guodong Wang,Associate Professor,Massachusetts College of Liberal Arts,A5100449045,1143,13,18
Jennifer Hontz,Professor,Meredith College,,,,
Kristin Watkins,Professor of Practice,Meredith College,,,,
Mark Gass,Assistant Professor of Practice,Meredith College,,,,
Amy Briggs,Professor,Middlebury College,A5030870689,615,12,18
Ananya Das,Associate Professor,Middlebury College,A5111209239,1,1,0
Andrea Vaccari,Associate Professor,Middlebury College,,,,
Christopher Andrews,Associate Professor,Middlebury College,A5010596785,1270,14,17
Frank Swenton,Professor,Middlebury College,A5073962224,64,3,1
Laura Biester,Assistant Professor,Middlebury College,A5076796876,94,5,3
Matthew Dickerson,Professor,Middlebury College,A5008356497,1847,25,50
Michael Linderman,Associate Professor,Middlebury College,,,,
Peter Johnson,Associate Professor,Middlebury College,A5070885438,208,8,7
Phil Chodrow,Assistant Professor,Middlebury College,A5043926040,277,7,7
Philip Caplan,Assistant Professor,Middlebury College,A5072964811,230,8,8
Shelby Kimmel,Associate Professor,Middlebury College,A5047005219,437,9,9
Smith Gakuya,Visiting Lab Instructor,Middlebury College,,,,
Logan Mayfield,Professor,Monmouth College,A5019566476,6,2,0
Robert Utterback,Adjunct Professor,Monmouth College,A5014680139,94,5,3
Alyxander Burns,Assistant Professor,Mount Holyoke College,A5014100844,99,5,3
Audrey St. John,Professor,Mount Holyoke College,A5102272445,175,6,3
Barbara Staudt Lerner,Professor,Mount Holyoke College,A5021181338,1817,21,48
Diane Uwacu,Assistant Professor,Mount Holyoke College,A5088227031,75,5,3
Heather Pon-Barry,Associate Professor,Mount Holyoke College,A5032136386,951,18,25
James McCauley,Associate Professor,Mount Holyoke College,A5084225363,352,9,9
Lisa A. Ballesteros,Associate Professor,Mount Holyoke College,A5073020024,1817,14,14
Melody Su,Associate Professor,Mount Holyoke College,,,,
Tony Liu,Assistant Professor,Mount Holyoke College,,,,
Abbey D'Ovidio,Assistant Professor,Muhlenberg College,,,,
Allison Davidson,Associate Professor,Muhlenberg College,,,,
Elyn Rykken,Professor,Muhlenberg College,A5057151228,72,5,3
Gary Shufelt,Adjunct Professor,Muhlenberg College,,,,
Hamed Yaghoobian,Assistant Professor,Muhlenberg College,A5066345868,20,2,1
James Russell,Associate Professor,Muhlenberg College,,,,
Linda McGuire,Professor,Muhlenberg College,,,,
Michael Allocca,Associate Professor,Muhlenberg College,A5048146748,10,2,0
Michael Karcher,Assistant Professor,Muhlenberg College,,,,
Proyash Podder,Assistant Professor,Muhlenberg College,A5055624391,78,5,2
William Gryc,Professor,Muhlenberg College,A5069278355,30,3,1
Youngsun Jang,Assistant Professor,Muhlenberg College,A5059953398,79,5,4
Daniel Page,Visiting Assistant Professor,New College of Florida,,,,
David Gillman,Associate Professor,New College of Florida,A5017336997,464,10,10
Fahmida Hamid,Assistant Professor,New College of Florida,A5052742546,16,2,0
Gil Salu,Visiting Assistant Professor,New College of Florida,,,,
Adam Eck,Associate Professor,Oberlin College,A5080406705,280,9,9
Cynthia Taylor,Associate Professor,Oberlin College,A5045535763,1422,20,29
Emily Wang,Assistant Professor,Oberlin College,A5107963448,191,4,4
Howard Levinson,Assistant Professor,Oberlin College,A5102885781,1001,15,23
Joshua H. Davidson,Assistant Professor,Oberlin College,,,,
Mary Hogan,Assistant Professor,Oberlin College,A5055641193,27,2,1
Michael McCarrin,Assistant Professor,Oberlin College,A5140066921,0,0,0
Molly Q Feldman,Assistant Professor,Oberlin College,A5010858670,269,9,9
Roberto Hoyle,Associate Professor,Oberlin College,A5061198286,817,13,14
Sam Taggart,Associate Professor,Oberlin College,A5025461142,72,4,3
Stephen Checkoway,Associate Professor,Oberlin College,A5069566952,4756,16,21
Chris Cianci,Assistant Professor,Occidental College,,,,
Hector M. Camarillo Abad,Assistant Professor,Occidental College,,,,
Hsing-Hau Chen,Associate Professor,Occidental College,,,,
Joel Walsh,Assistant Professor,Occidental College,,,,
Justin Li,Associate Professor,Occidental College,A5089040164,703,13,16
Kathryn Leonard,Professor,Occidental College,A5004783856,222,9,6
Meiqing Zhang,Assistant Professor,Occidental College,,,,
Teddy Pozo,Assistant Professor,Occidental College,,,,
Treena Basu,Associate Professor,Occidental College,A5077197515,582,5,5
Mehwish Abbasi,Assistant Professor,Ohio Wesleyan University,,,,
Alexandra Papoutsaki,Associate Professor,Pomona College,A5060515739,1733,13,14
Andrew T. Wilson,Lecturer,Pomona College,,,,
Anthony Clark,Assistant Professor,Pomona College,A5070428667,787,13,15
David R. Kauchak,Professor,Pomona College,A5089892601,1708,19,23
Eleanor Birrell,Associate Professor,Pomona College,A5017352764,373,13,14
Jingyi Li,Assistant Professor,Pomona College,A5048818007,103,4,2
Joseph C. Osborn,Associate Professor,Pomona College,A5016436443,459,10,13
Michael Zlatin,Assistant Professor,Pomona College,A5050694688,92,3,1
Sam Thomas,Assistant Professor,Pomona College,A5101568004,145,7,4
Tzu-Yi Chen,Professor,Pomona College,A5022940704,735,16,29
Yuqing Melanie Wu,Professor,Pomona College,A5047960393,3785,30,75
Gregory Goeckel,Professor,Presbyterian College,,,,
Olivia Nche,Assistant Professor,Presbyterian College,A5137838738,0,0,0
Brad Spendlove,Associate Professor,Randolph College,,,,
Jia Wan,Associate Professor,Randolph College,,,,
Marc Ordower,Visiting Associate Professor,Randolph College,,,,
John W. McManus,Associate Professor,Randolph-Macon College,,,,
La Toria H. Tookes,Senior Lecturer,Randolph-Macon College,,,,
Maha Elouni,Assistant Professor,Randolph-Macon College,,,,
Rance Necaise,Associate Professor,Randolph-Macon College,,,,
Robin M. Givens,Associate Professor,Randolph-Macon College,,,,
Samuel Henry,Assistant Professor,Randolph-Macon College,,,,
Adam Groce,Associate Professor,Reed College,A5035309140,498,10,10
Erica Blum,Assistant Professor,Reed College,A5075398205,176,8,8
Greg Anderson,Assistant Professor,Reed College,A5067492876,115,3,3
Harper Knittel,Assistant Professor,Reed College,,,,
Jim Fix,Professor,Reed College,A5082853201,74,4,1
Addison Schwamb,Assistant Professor,Rhodes College,,,,
Betsy Sanders,Professor,Rhodes College,A5019862616,17,2,0
Brian Larkins,Associate Professor,Rhodes College,,,,
Jace King,Visiting Assistant Professor,Rhodes College,,,,
Mark Cooper,Adjunct Assistant Professor,Rhodes College,,,,
Matt Superdock,Assistant Professor,Rhodes College,A5077595259,8,1,0
Phillip Kirlin,Associate Professor,Rhodes College,A5021095229,122,6,3
Sean Kugele,Assistant Professor,Rhodes College,A5056383435,183,6,4
Anil Shende,Professor,Roanoke College,A5087632091,171,7,6
Durell Bouchard,Associate Professor,Roanoke College,A5073563217,345,7,4
Wale Sekoni,Assistant Professor,Roanoke College,,,,
Adam Albina,Assistant Professor,Saint Anselm College,A5085681950,2,1,0
Michael Huelsman,Assistant Professor,Saint Anselm College,A5032791854,2,1,0
Mitra Mohtarami,Assistant Professor,Saint Anselm College,,,,
Rajesh Prasad,Associate Professor,Saint Anselm College,A5057941088,850,13,24
Aarathi Prasad,Associate Professor,Skidmore College,A5072704997,281,8,8
Christine Reilly,Associate Professor,Skidmore College,A5060318502,196,8,5
David Read,Associate Teaching Professor,Skidmore College,A5101553130,1,1,0
Esma Wali,Visiting Assistant Professor,Skidmore College,,,,
Michael Eckmann,Associate Professor,Skidmore College,A5021592830,443,8,8
Nelson Dellis,Visiting Assistant Professor,Skidmore College,,,,
Thomas O'Connell,Associate Professor,Skidmore College,,,,
Wenlu Du,Assistant Professor,Skidmore College,,,,
Ab Mosca,Visiting Assistant Professor,Smith College,A5026168274,74,4,2
Halie Rando,Assistant Professor,Smith College,,,,
Hia Ghosh,Lecturer,Smith College,,,,
Ileana Streinu,Professor,Smith College,A5008565320,2195,25,51
Jamie Macbeth,Associate Professor,Smith College,A5008934616,923,14,17
Johanna Brewer,Assistant Professor,Smith College,A5003438642,620,10,12
Katherine M. Kinnaird,Associate Professor,Smith College,A5046702039,115,5,2
Michael Robson,Assistant Professor,Smith College,,,,
Nicholas Howe,Professor,Smith College,A5008268577,1148,15,21
Pablo Frank Bolton,Lecturer,Smith College,A5053682698,2,1,0
R. Jordan Crouser,Associate Professor,Smith College,A5084913586,1206,16,18
Shinyoung Cho,Assistant Professor,Smith College,,,,
Ammon Hepworth,Assistant Professor,Southern Virginia University,,,,
Arjun Chandrasekhar,Assistant Professor,Southwestern University,,,,
Barbara M. Anthony,Professor,Southwestern University,A5002137614,157,6,5
Jacob Schrum,Associate Professor,Southwestern University,A5078279091,693,13,16
A.J. Dykstra,Lecturer,St. Lawrence University,,,,
Choong-Soo Lee,Associate Professor,St. Lawrence University,A5011104998,69,5,2
Daniel Condon,Assistant Professor,St. Lawrence University,,,,
Daniel M Look,Professor,St. Lawrence University,A5049410885,298,8,7
Duncan Melville,Professor,St. Lawrence University,A5037790488,331,10,10
Ed Harcourt,Professor,St. Lawrence University,A5017511573,90,4,2
Gabriel Dorfsman-Hopkins,Assistant Professor,St. Lawrence University,A5007319903,7,2,0
Ivan Ramler,Associate Professor,St. Lawrence University,A5024482759,759,8,8
Jessica Chapman,Professor,St. Lawrence University,A5076129195,288,8,8
Kevin A. Angstadt,Associate Professor,St. Lawrence University,A5043289411,183,8,7
Leiyue Li,Assistant Professor,St. Lawrence University,,,,
Lisa Torrey,Associate Professor,St. Lawrence University,A5091343155,2152,12,14
Maegan K. Bos,Associate Professor,St. Lawrence University,,,,
Matt Higham,Associate Professor,St. Lawrence University,,,,
Michael Schuckers,Professor,St. Lawrence University,A5083930742,467,12,12
Patti Frazer Lock,Professor,St. Lawrence University,A5079008700,63,3,2
Robin Lock,Professor,St. Lawrence University,A5088230521,1400,17,31
Bob Tracy,Adjunct Instructor,St. Mary's College of Maryland,,,,
Emily Barranca,Assistant Professor,St. Mary's College of Maryland,,,,
Muhieddine Shebaro,Visiting Assistant Professor,St. Mary's College of Maryland,,,,
Richard Young,Adjunct Professor,St. Mary's College of Maryland,,,,
Sayan Goswami,Assistant Professor,St. Mary's College of Maryland,,,,
Simon Read,Associate Professor,St. Mary's College of Maryland,A5063542194,5149,31,40
Waqar Saleem,Associate Professor,St. Mary's College of Maryland,,,,
Seth Meyer,Professor,St. Norbert College,A5065277575,142,6,3
Barbara Johnson,Visiting Assistant Professor,St. Olaf College,,,,
Jaime Davila,Associate Professor,St. Olaf College,A5007075478,4365,33,49
Kodjo Houssou,Visiting Instructor,St. Olaf College,,,,
Matthew Wright,Associate Professor,St. Olaf College,A5074393906,326,7,7
Melissa Lynn,Assistant Professor,St. Olaf College,A5125887672,0,0,0
Olaf Hall-Holt,Associate Professor,St. Olaf College,A5049179869,1453,9,9
Ryota Matsuura,Professor,St. Olaf College,A5061111766,66,4,2
Will Leeson,Assistant Professor,St. Olaf College,,,,
Hamza M. Elhamdadi,Assistant Professor,Stonehill College,,,,
Samuel Goree,Assistant Professor,Stonehill College,A5062429758,14,1,1
Sharmishtha Dutta,Assistant Professor,Stonehill College,,,,
Alathea Jensen,Associate Professor,Susquehanna University,A5027160512,1,1,0
Alexander Wilce,Professor,Susquehanna University,A5088250843,1444,20,33
Anusha Veluswamy,Assistant Professor,Susquehanna University,A5116793998,5,1,0
Edisanter Lo,Professor,Susquehanna University,A5108221266,242,7,6
Jeffrey Graham,Associate Professor,Susquehanna University,A5108677262,298,8,8
Steven Scheirer,Assistant Professor,Susquehanna University,,,,
Ameet Soni,Associate Professor,Swarthmore College,A5039203631,289,8,6
Andrew Danner,Professor,Swarthmore College,A5029333276,331,10,10
Ben Mitchell,Assistant Professor,Swarthmore College,A5054443471,328,10,11
Charlie Kazer,Lab Instructor,Swarthmore College,A5011928628,63,2,2
Gabriel Hope,Visiting Assistant Professor,Swarthmore College,,,,
Joshua Brody,Associate Professor,Swarthmore College,A5079684179,504,10,10
Keith O'Hara,Associate Professor,Swarthmore College,A5125905590,0,0,0
Kevin Webb,Associate Professor,Swarthmore College,A5046579558,701,12,12
Lila Fontes,Associate Professor,Swarthmore College,A5065388772,68,5,3
Nathaniel Grammel,Visiting Assistant Professor,Swarthmore College,,,,
Neil Lutz,Visiting Assistant Professor,Swarthmore College,A5015287023,158,8,5
Ranysha Ware,Assistant Professor,Swarthmore College,,,,
Rich Wicentowski,Professor,Swarthmore College,A5000976384,1260,13,16
Sukrit Venkatagiri,Assistant Professor,Swarthmore College,A5007675088,324,9,8
Tia Newhall,Professor,Swarthmore College,A5006853802,1214,11,13
Vasanta Chaganti,Associate Professor,Swarthmore College,A5014493367,139,6,5
Zachary Palmer,Associate Professor,Swarthmore College,A5077132475,40,5,0
Catherine Cavagnaro,Professor,The University of the South,,,,
Ross Sowell,Associate Professor,The University of the South,,,,
Stephen Carl,Associate Professor,The University of the South,,,,
Marcus Brumfield,Assistant Professor,Tougaloo College,,,,
Bobby England,Professor,Transylvania University,,,,
Kenny Moorman,Professor,Transylvania University,A5057422963,254,8,8
Chandranil Chakraborttii,Assistant Professor,Trinity College,A5025349580,123,5,4
Ewa Syta,Associate Professor,Trinity College,A5087152867,1990,10,11
Jonathan Johnson,Visiting Lecturer,Trinity College,,,,
Madalene Spezialetti,Associate Professor,Trinity College,A5008051842,311,8,6
Maminur Islam,Assistant Professor,Trinity College,A5106752599,3,1,0
Peter A. Yoon,Professor,Trinity College,A5049931253,145,6,5
Takunari Miyazaki,Associate Professor,Trinity College,A5086482332,118,5,2
Britton Horn,Assistant Professor,Trinity University,A5084624866,185,8,7
Eduardo Davalos Anaya,Assistant Professor,Trinity University,,,,
Eva Tuba,Assistant Professor,Trinity University,A5050579174,3421,34,72
Johanna Jacob,Assistant Professor,Trinity University,,,,
Matthew Hibbs,Associate Professor,Trinity University,A5007835627,4562,24,29
Paul Myers,Professor,Trinity University,A5086442941,398,9,9
Seth Fogarty,Associate Professor,Trinity University,A5017354172,261,8,8
Sheng Tan,Associate Professor,Trinity University,A5018231776,1779,20,29
Yu Zhang,Professor,Trinity University,A5100433414,7002,37,117
Zeyu Chen,Visiting Assistant Professor,Trinity University,,,,
Aaron Cass,Associate Professor,Union College (NY),,,,
Arjun Viswanathan,Visiting Assistant Professor,Union College (NY),,,,
Chris Fernandes,Professor,Union College (NY),,,,
Georgia Doing,Visiting Assistant Professor,Union College (NY),,,,
John Rieffel,Professor,Union College (NY),,,,
Kristina Striegnitz,Associate Professor,Union College (NY),,,,
Matt Anderson,Associate Professor,Union College (NY),,,,
Nick Webb,Associate Professor,Union College (NY),,,,
Shruti Mahajan,Assistant Professor,Union College (NY),,,,
TJ Schlueter,Visiting Assistant Professor,Union College (NY),,,,
Andrew Marshall,Associate Professor,University of Mary Washington,A5049710569,63,5,0
Evan Coleman,Assistant Professor,University of Mary Washington,A5125717016,0,0,0
Gusty Cooper,Lecturer,University of Mary Washington,,,,
Ian Finlayson,Associate Professor,University of Mary Washington,A5064891319,58,5,2
Jennifer Polack,Professor,University of Mary Washington,A5059958079,24,3,0
Jessica Zeitz,Associate Professor,University of Mary Washington,,,,
Josh Clements,Lecturer,University of Mary Washington,,,,
Karen Anewalt,Professor,University of Mary Washington,A5089167579,267,8,7
Prashant Chandrasekar,Assistant Professor,University of Mary Washington,A5027666206,19,3,0
Stephen Davies,Professor,University of Mary Washington,A5052656640,1218,17,23
Xin-Wen Wu,Associate Professor,University of Mary Washington,A5004691007,1300,20,36
Elena Machkasova,Associate Professor,University of Minnesota Morris,A5017738425,83,5,2
Kristin Lamberty,Associate Professor,University of Minnesota Morris,A5002280711,90,6,4
Nic McPhee,Professor,University of Minnesota Morris,A5007077416,3568,25,40
Peter Dolan,Associate Professor,University of Minnesota Morris,,,,
Wenkai Guan,Assistant Professor,University of Minnesota Morris,A5024593560,65,5,1
Adam Whitley,Assistant Professor,University of North Carolina Asheville,,,,
Farzana Rashid,Assistant Professor,University of North Carolina Asheville,,,,
Kenneth Bogert,Associate Professor,University of North Carolina Asheville,,,,
Kevin Sanft,Professor,University of North Carolina Asheville,,,,
Marietta Cameron,Professor,University of North Carolina Asheville,,,,
Michael Sarris,Lecturer,University of North Carolina Asheville,,,,
Sarah Van Wart,Assistant Professor,University of North Carolina Asheville,,,,
Adam Smith,Associate Professor,University of Puget Sound,A5103797189,381,9,8
Alison Paradise,Instructor,University of Puget Sound,,,,
America Chambers,Associate Professor,University of Puget Sound,A5017849947,314,3,1
Cynthia Gibson,Visiting Assistant Professor,University of Puget Sound,,,,
David Chiu,Professor,University of Puget Sound,A5102819493,2097,24,38
Jake Price,Associate Professor,University of Puget Sound,,,,
Maddie Weinstein,Associate Professor,University of Puget Sound,A5002246290,74,4,3
Marissa Masden,Assistant Professor,University of Puget Sound,A5074718704,16,2,1
Sara Johnson,Visiting Assistant Professor,University of Puget Sound,,,,
Sunita Chepuri,Associate Professor,University of Puget Sound,,,,
Arthur Charlesworth,Professor,University of Richmond,A5023509148,222,8,6
Barry Lawson,Professor,University of Richmond,A5061146101,695,12,15
Catherine Finegan-Dollak,Assistant Professor,University of Richmond,,,,
Douglas Szajda,Associate Professor,University of Richmond,A5078245654,184,5,4
Joonsuk Park,Associate Professor,University of Richmond,A5070811213,8361,38,72
M Charity,Assistant Professor,University of Richmond,A5088582174,460,12,13
Mmachi Obiorah,Assistant Professor,University of Richmond,,,,
Patrick Martin,Assistant Professor,University of Richmond,A5063356958,1142,14,19
Prateek Bhakta,Associate Professor,University of Richmond,A5066388574,63,5,1
Shweta Ware,Associate Professor,University of Richmond,,,,
Volkan Bakirdan,Adjunct Instructor,University of Richmond,,,,
William F. Prior,Adjunct Instructor,University of Richmond,,,,
Yucong Jiang,Associate Professor,University of Richmond,A5002479079,0,0,0
C Karen,Associate Professor,University of Virginia--Wise,,,,
E Alex,Adjunct Instructor,University of Virginia--Wise,,,,
F David,Senior Instructor,University of Virginia--Wise,,,,
H Robert,Associate Professor,University of Virginia--Wise,,,,
L Shilpa,Assistant Professor,University of Virginia--Wise,,,,
S Jacob,Professor,University of Virginia--Wise,,,,
Christopher Sadowski,Associate Professor,Ursinus College,,,,
David Henry,Instructor,Ursinus College,,,,
Eric Mawuena Takyi,Assistant Professor,Ursinus College,A5041881424,51,5,1
Hugo Moises Montesinos-Yufa,Associate Professor,Ursinus College,A5028763357,317,8,8
Leslie New,Associate Professor,Ursinus College,,,,
Lisa A. Grossbauer,Assistant Professor,Ursinus College,,,,
Nicholas Scoville,Professor,Ursinus College,A5088461515,110,6,2
Olena Kozhushkina,Associate Professor,Ursinus College,,,,
Susan Adam,Instructor,Ursinus College,,,,
William Mongan,Associate Professor,Ursinus College,A5045056426,433,11,12
Anna Gommerstadt,Assistant Professor,Vassar College,,,,
Heather Newman,Assistant Professor,Vassar College,A5067929093,644,8,7
Jacob Erickson,Visiting Assistant Professor,Vassar College,A5011078656,75,4,2
Jason Waterman,Associate Professor,Vassar College,A5026245262,553,14,15
Jonathan Gordon,Assistant Professor,Vassar College,A5042604848,1632,23,40
Logan Stapleton,Assistant Professor,Vassar College,A5042444838,437,9,8
Luke Hunsberger,Professor,Vassar College,A5043048175,831,14,19
Marc L. Smith,Professor,Vassar College,A5043448756,523,7,7
Peter Lemieszewski,Visiting Assistant Professor,Vassar College,,,,
Rui Manuel Pacheco Meireles,Associate Professor,Vassar College,A5053287898,405,7,5
Abdullah Al-Alaj,Assistant Professor,Virginia Wesleyan University,A5006748647,205,8,7
Zizhong J. Wang,Professor,Virginia Wesleyan University,A5023147382,157,4,4
Alison Rosenblum,Visiting Assistant Professor,Wabash College,,,,
Chad Westphal,Professor,Wabash College,A5016667715,167,7,7
Colin McKinney,Associate Professor,Wabash College,,,,
Katie Ansaldi,Associate Professor,Wabash College,A5067662576,4,2,0
Qixin Deng,Assistant Professor,Wabash College,A5034151029,43,4,2
Ryeongkyung Yoon,Assistant Professor,Wabash College,A5079745264,13,3,0
Timur Akhunov,Assistant Professor,Wabash College,A5027229500,16,2,1
William J. Turner,Associate Professor,Wabash College,A5002705303,197,4,3
Jim Jacobs,Assistant Professor,Wartburg College,,,,
Terry Letsche,Associate Professor,Wartburg College,,,,
Amanda Holland-Minkley,Professor,Washington & Jefferson College,,,,
Charles Hannon,Professor,Washington & Jefferson College,,,,
John Ladd,Assistant Professor,Washington & Jefferson College,,,,
Rebecca Rapp,Assistant Professor,Washington & Jefferson College,,,,
Elizabeth Matthews,Associate Professor,Washington and Lee University,,,,
Kefu Lu,Associate Professor,Washington and Lee University,A5064129575,204,6,5
Nicholas Gardella,Assistant Professor,Washington and Lee University,,,,
Sara Sprenkle,Associate Professor,Washington and Lee University,A5018952991,899,12,14
Simon Levy,Professor,Washington and Lee University,A5093944074,261,8,4
Trevor Stalnaker,Assistant Professor,Washington and Lee University,,,,
Austin Lobo,Associate Professor,Washington College,A5041686906,203,7,7
Heather Switzer,Assistant Professor,Washington College,,,,
Shaun Ramsey,Professor,Washington College,A5110261034,40,1,1
Alexa VanHattum,Assistant Professor,Wellesley College,A5029623128,96,5,2
Brian Brubach,Assistant Professor,Wellesley College,A5050667686,187,7,7
Brian Tjaden,Professor,Wellesley College,A5030823572,4948,24,27
Carolyn Anderson,Assistant Professor,Wellesley College,A5075492610,1123,12,14
Catherine Grevet Delcourt,Associate Professor,Wellesley College,A5058618768,80,4,3
Christine Bassem,Associate Professor,Wellesley College,A5030365120,85,5,1
Eni Mustafaraj,Associate Professor,Wellesley College,A5026626448,2371,17,24
Franklyn Turbak,Associate Professor,Wellesley College,A5081922700,1813,18,24
Jordan Tynes,Assistant Teaching Professor,Wellesley College,A5074848539,52,1,1
Orit Shaer,Associate Professor,Wellesley College,A5072659945,4730,31,75
Panagiotis Metaxas,Professor,Wellesley College,A5001125856,2763,24,38
Peter Mawhorter,Associate Teaching Professor,Wellesley College,A5018086266,453,10,10
Sara Melnick,Assistant Teaching Professor,Wellesley College,,,,
Scott Anderson,Associate Teaching Professor,Wellesley College,A5073853669,888,13,14
Smaranda Sandu,Assistant Teaching Professor,Wellesley College,A5111206995,14,1,1
Stella Kakavouli,Teaching Professor,Wellesley College,A5008651580,13,2,0
Vinitha Gadiraju,Assistant Professor,Wellesley College,A5043840763,189,5,3
Yaniv Yacoby,Assistant Professor,Wellesley College,A5031215668,74,5,1
Dan Licata,Associate Professor,Wesleyan University,A5009198759,975,21,29
Daniel Krizanc,Professor,Wesleyan University,A5138027457,0,0,0
James Lipton,Professor,Wesleyan University,A5001103236,154,8,5
Norman Danner,Professor,Wesleyan University,A5056512208,302,10,10
Sebastian Zimmeck,Associate Professor,Wesleyan University,A5000743993,1039,14,14
Sonia Roberts,Assistant Professor,Wesleyan University,A5018012682,246,10,11
Victoria Ursula Manfredi,Associate Professor,Wesleyan University,A5019412616,222,8,7
Wai Kiu Chan,Professor,Wesleyan University,A5007739651,817,11,11
Yuxuan Mei,Assistant Professor,Wesleyan University,A5025755106,73,4,3
Heather Muchowski,Assistant Professor,Westminster College (PA),,,,
John P. Bonomo,Professor,Westminster College (PA),,,,
Natacha Fontes Merz,Associate Professor,Westminster College (PA),,,,
Devin Pohly,Senior Lecturer,Wheaton College (IL),,,,
Hyunju Kim,Associate Professor,Wheaton College (IL),,,,
Thomas VanDrunen,Professor,Wheaton College (IL),,,,
Mark D. LeBlanc,Professor,Wheaton College (MA),,,,
Michael B. Gousie,Professor,Wheaton College (MA),,,,
Nicholas Almeder,Visiting Instructor,Wheaton College (MA),,,,
Tony Tong,Assistant Professor,Wheaton College (MA),,,,
Janet Davis,Professor,Whitman College,A5102908103,913,14,20
John Stratton,Associate Professor,Whitman College,A5034958091,2212,17,22
Jordan Wirfs-Brock,Assistant Professor,Whitman College,A5013271583,185,7,5
Richard Torres Molina,Visiting Instructor,Whitman College,,,,
Sachintha Pitigala,Visiting Assistant Professor,Whitman College,A5107077762,0,0,0
William Bares,Associate Professor,Whitman College,A5070429038,596,13,15
Calvin K Deutschbein,Assistant Professor,Willamette University,A5048337173,140,6,5
Fred Agbo,Assistant Professor,Willamette University,A5018628205,1552,20,34
Haiyan Cheng,Professor,Willamette University,A5101082621,15,1,1
Heather Kitada Smalley,Associate Professor,Willamette University,,,,
Hendrik Orem,Assistant Professor,Willamette University,,,,
Jed Rembold,Associate Professor,Willamette University,A5086476102,15,2,1
Kristen Gore,Assistant Professor,Willamette University,,,,
Lucas P Cordova,Assistant Professor,Willamette University,A5121407246,4,1,0
Rachel A Brown,Assistant Professor,Willamette University,,,,
Zechariah D Meunier,Assistant Professor,Willamette University,,,,
Aaron Williams,Associate Professor,Williams College,A5032232670,1043,19,35
Daniel Barowy,Associate Professor,Williams College,A5032195792,433,9,8
James Bern,Assistant Professor,Williams College,A5085755421,575,12,12
Jeannie Albrecht,Professor,Williams College,A5056332821,3438,19,25
Katie Keith,Assistant Professor,Williams College,A5062069583,435,8,8
Kelly Shaw,Professor,Williams College,A5103504814,513,7,6
Lucas Rosenblatt,Assistant Professor,Williams College,,,,
Mark Hopkins,Associate Professor,Williams College,A5057318657,5705,39,81
Nate Chambers,Associate Professor,Williams College,,,,
Rohit Bhattacharya,Assistant Professor,Williams College,A5041602813,2397,13,20
Samuel McCauley,Associate Professor,Williams College,A5006653893,207,9,9
Shikha Singh,Associate Professor,Williams College,A5100707792,399,10,10
Stephen N. Freund,Professor,Williams College,A5110858761,3770,28,38
William Jannen,Associate Professor,Williams College,A5089059073,443,9,9
Sunday Ngwobia,Assistant Professor,Wittenberg University,,,,
Theresa Wilson,Professor of Practice,Wittenberg University,,,,
Aaron L. Garrett,Associate Professor,Wofford College,,,,
Beau M. Christ,Associate Professor,Wofford College,,,,
Nicole Tobias,Assistant Professor,Wofford College,,,,
