name,title,college,url
April Grow,Lecturer,Albion College,https://www.albion.edu/bio/april-grow/
Christopher Grow,Visiting Instructor,Albion College,https://www.albion.edu/bio/christopher-grow/
Darren E. Mason,Professor,Albion College,https://www.albion.edu/bio/darren-e-mason/
David A. Reimann,Professor,Albion College,https://www.albion.edu/bio/david-a-reimann/
Mark E. Bollman,Professor,Albion College,https://www.albion.edu/bio/mark-e-bollman/
Mauricio Marengoni,Associate Professor,Albion College,https://www.albion.edu/bio/mauricio-marengoni/
Tim Clark,Associate Professor,Albion College,https://www.albion.edu/bio/tim-clark/
Yuming Zhang,Assistant Professor,Albion College,https://www.albion.edu/bio/yuming-zhang/
Dave Kaul,Assistant Professor,Albright College,http://davekaul.com/about-us/
David Kopec,Professor,Albright College,https://davekopec.com/
Don Baldridge,Assistant Professor,Albright College,
Douglas Luman,Assistant Professor,Allegheny College,https://allegheny.edu/about/campus-department-resources/faculty-and-staff-directory/douglas-luman/
Gregory Kapfhammer,Associate Professor,Allegheny College,https://allegheny.edu/about/campus-department-resources/faculty-and-staff-directory/gregory-kapfhammer/
Janyl Jumadinova,Associate Professor,Allegheny College,https://allegheny.edu/about/campus-department-resources/faculty-and-staff-directory/janyl-jumadinova/
Oliver Bonham-Carter,Associate Professor,Allegheny College,https://allegheny.edu/about/campus-department-resources/faculty-and-staff-directory/oliver-bonham-carter/
Andrew Wu,Assistant Professor,Amherst College,https://www.amherst.edu/people/facstaff/hwu
John E. Rager,Professor,Amherst College,https://www.amherst.edu/people/facstaff/jerager
Kristy Gardner,Associate Professor,Amherst College,https://www.amherst.edu/people/facstaff/kgardner
Lee Spector,Professor,Amherst College,https://www.amherst.edu/people/facstaff/lspector
Lillian C. Pentecost,Assistant Professor,Amherst College,https://www.amherst.edu/people/facstaff/lpentecost
Matteo Riondato,Associate Professor,Amherst College,https://www.amherst.edu/people/facstaff/mriondato
Myroslav Kryven,Assistant Professor,Amherst College,https://www.amherst.edu/people/facstaff/mkryven
Scott F. Kaplan,Professor,Amherst College,https://www.amherst.edu/people/facstaff/sfkaplan
Scott P. Alfeld,Associate Professor,Amherst College,https://www.amherst.edu/people/facstaff/salfeld
Shira B. Wein,Assistant Professor,Amherst College,https://www.amherst.edu/people/facstaff/swein
Sophia Yoo,Assistant Professor,Amherst College,https://www.amherst.edu/people/facstaff/syoo
Andrew P. Sward,Associate Professor,Augustana College,https://www.augustana.edu/academics/faculty-directory/andrew-p-sward
Brooke Randazzo,Assistant Professor,Augustana College,https://www.augustana.edu/academics/faculty-directory/brooke-randazzo
Forrest J. Stonedahl,Associate Professor,Augustana College,https://www.augustana.edu/academics/faculty-directory/forrest-j-stonedahl
Nidhi Mourya,Visiting Instructor,Augustana College,https://www.augustana.edu/academics/faculty-directory/nidhi-mourya
Robert Dickerson,Assistant Professor,Augustana College,https://www.augustana.edu/academics/faculty-directory/robert-dickerson
Stacey Rodman,Professor,Augustana College,https://www.augustana.edu/academics/faculty-directory/stacey-rodman
Zhengyi Li,Assistant Professor,Augustana College,https://zhengyili1.github.io/
Aaron Block,Associate Professor,Austin College,http://www.aaronblock.com/about
Michael Higgs,Professor,Austin College,https://www.linkedin.com/in/michael-higgs-9319a4/
Samuel Kroger,Assistant Professor,Austin College,https://samuel-kroger.github.io/
Seema Aarella,Assistant Professor,Austin College,https://www.linkedin.com/in/seema-aarella/
Annabel Rothschild,Assistant Professor,Bard College,https://annabelrothschild.com
Bob McGrail,Associate Professor,Bard College,https://www.bard.edu/faculty/robert-w-mcgrail
Emma Benser,Assistant Professor,Bard College,https://emmahogan.github.io
Jordan Ayala,Assistant Professor,Bard College,https://jayalakc.github.io/
Kerri-Ann Norton,Associate Professor,Bard College,https://nortoncompbiolab.xyz/
Sven Anderson,Associate Professor,Bard College,https://www.bard.edu/faculty/sven-anderson
Theresa Law,Assistant Professor,Bard College,https://theresa-law.com
Valerie Barr,Professor,Bard College,https://vbarr4.github.io/
Ahmer Arif,Assistant Professor,Barnard College,https://cs.barnard.edu/profiles/ahmer-arif
Corey Toler-Franklin,Assistant Professor,Barnard College,https://cs.barnard.edu/profiles/corey-toler-franklin
Eysa Lee,Assistant Professor,Barnard College,https://cs.barnard.edu/profiles/eysa-lee
Lucy Simko,Assistant Professor,Barnard College,https://www.lucysimko.com/
Mark Santolucito,Assistant Professor,Barnard College,https://cs.barnard.edu/profiles/mark-santolucito
Rebecca Wright,Professor,Barnard College,https://cs.barnard.edu/profiles/rebecca-wright
Smaranda Muresan,Associate Professor,Barnard College,https://cs.barnard.edu/profiles/smaranda-muresan
Tiffany Tseng,Assistant Professor,Barnard College,https://cs.barnard.edu/profiles/tiffany-tseng
Ben Stucky,Assistant Professor,Beloit College,https://www.beloit.edu/live/profiles/10017-ben-stucky
Eyad Haj Said,Associate Professor,Beloit College,https://www.beloit.edu/live/profiles/9891-eyad-haj-said
Katherine Harris,Assistant Professor,Beloit College,https://www.beloit.edu/live/profiles/9895-katherine-harris
Sohaib Kiani,Assistant Professor,Beloit College,https://www.beloit.edu/live/profiles/9912-sohaib-kiani
Tom Stojsavljevic,Assistant Professor,Beloit College,https://www.beloit.edu/live/profiles/10012-tom-stojsavljevic
Darcy Otto,Faculty,Bennington College,https://www.bennington.edu/academics/faculty/darcy-otto
Deanna Wilborne,Assistant Professor,Berea College,https://www.berea.edu/academics/departments-programs/computer-science/faculty-staff/deanna-wilborne
Jacqueline Boggs,Assistant Professor,Berea College,https://www.berea.edu/academics/departments-programs/computer-science/faculty-staff/dr-jacqueline-jacci-boggs
Jan Pearce,Professor,Berea College,https://www.berea.edu/academics/departments-programs/computer-science/faculty-staff/dr-jan-pearce
Jasmine Jones,Associate Professor,Berea College,https://www.berea.edu/academics/departments-programs/computer-science/faculty-staff/dr-jasmine-jones
Mario Nakazawa,Associate Professor,Berea College,https://www.berea.edu/academics/departments-programs/computer-science/faculty-staff/dr-mario-nakazawa-2
Scott Heggen,Associate Professor,Berea College,https://www.berea.edu/academics/departments-programs/computer-science/faculty-staff/dr-scott-heggen
Alex Mathew,Associate Professor,Bethany College (WV),https://www.bethanywv.edu/faculty/alex-mathew/
Fujiko Nito,Professor,Bethany College (WV),https://www.bethanywv.edu/faculty/fujiko-nito/
Perry Lund,Adjunct Assistant Professor,Bethany Lutheran College,https://blc.edu/about/bethany-profiles/faculty-profiles/perry-lund/
Bobak Kiani,Assistant Professor,Bowdoin College,https://bkiani.github.io/
Christopher Martin,Visiting Lecturer,Bowdoin College,https://www.bowdoin.edu/profiles/faculty/c.martin/index.html
Cibele Matos Freire,Assistant Professor,Bowdoin College,https://www.bowdoin.edu/profiles/faculty/cfreire/index.html
David Byrd,Assistant Professor,Bowdoin College,https://www.bowdoin.edu/profiles/faculty/d.byrd/index.html
Jeffrey Knockel,Assistant Professor,Bowdoin College,https://jeffreyknockel.com/
Jeová Farias,Assistant Professor,Bowdoin College,https://jeovafarias.github.io/
Laura I. Toma,Professor,Bowdoin College,https://www.bowdoin.edu/profiles/faculty/ltoma/index.html
Sarah M. Harmon,Associate Professor,Bowdoin College,https://www.bowdoin.edu/profiles/faculty/sharmon/index.html
Sean K. Barker,Associate Professor,Bowdoin College,https://www.bowdoin.edu/profiles/faculty/sbarker/index.html
Eric McGregor,Associate Professor,Bridgewater College,https://www.bridgewater.edu/academics/faculty/dr-eric-mcgregor/
James D. Bowling,Associate Professor,Bridgewater College,https://www.bridgewater.edu/academics/faculty/dr-james-d-bowling/
Verne E. Leininger,Associate Professor,Bridgewater College,https://www.bridgewater.edu/academics/faculty/dr-verne-e-leininger/
Vickie Denlinger,Instructor,Bridgewater College,https://www.bridgewater.edu/academics/faculty/vickie-denlinger/
Elizabeth Hollister Rogers,Professor,Bryn Athyn College,https://brynathyn.edu/faculty/elizabeth-hollister-rogers.html
Ellen McKee,Adjunct Professor,Bryn Athyn College,https://brynathyn.edu/faculty/ellen-mckee.html
Fredrik Bryntesson,Professor,Bryn Athyn College,https://brynathyn.edu/faculty/fredrik-bryntesson.html
Neil Simonetti,Professor,Bryn Athyn College,https://brynathyn.edu/faculty/neil-simonetti.html
Ryan Pine,Assistant Professor,Bryn Athyn College,https://brynathyn.edu/faculty/ryan-pine.html
Stella Evans,Assistant Professor,Bryn Athyn College,https://brynathyn.edu/faculty/stella-evans.html
Thomas Frazier,Lecturer,Bryn Athyn College,https://brynathyn.edu/faculty/thomas-frazier.html
Adam Poliak,Assistant Professor,Bryn Mawr College,https://azpoliak.github.io/
Aline Normoyle,Assistant Professor,Bryn Mawr College,https://www.brynmawr.edu/inside/people/aline-normoyle
Dianna Xu,Professor,Bryn Mawr College,http://cs.brynmawr.edu/~dxu
Elizabeth Dinella,Assistant Professor,Bryn Mawr College,https://www.brynmawr.edu/inside/people/elizabeth-dinella
Michael Wehar,Visiting Assistant Professor,Bryn Mawr College,http://www.michaelwehar.com/
Ramesh Garimella,Visiting Professor,Bryn Mawr College,https://www.brynmawr.edu/inside/people/ramesh-garimella
Alan Marchiori,Associate Professor,Bucknell University,https://www.bucknell.edu/fac-staff/alan-marchiori
Alexander Fuchsberger,Associate Teaching Professor,Bucknell University,https://fuchsberger.vercel.app/
Anne Ross,Assistant Professor,Bucknell University,https://www.bucknell.edu/fac-staff/anne-ross
Brian King,Associate Professor,Bucknell University,https://www.bucknell.edu/fac-staff/brian-king
Chris Mitsch,Visiting Assistant Professor,Bucknell University,https://chrismitsch.com/
Darakhshan Mir,Associate Professor,Bucknell University,https://www.bucknell.edu/fac-staff/darakhshan-mir
Edward Talmage,Associate Professor,Bucknell University,https://www.bucknell.edu/fac-staff/edward-talmage
Jessen Havill,Professor,Bucknell University,https://www.bucknell.edu/fac-staff/jessen-havill
Joshua Stough,Associate Professor,Bucknell University,https://www.bucknell.edu/fac-staff/joshua-stough
Lea Wittie,Associate Professor,Bucknell University,https://www.bucknell.edu/fac-staff/lea-wittie
Lily Romano,Instructor,Bucknell University,https://www.bucknell.edu/fac-staff/lily-romano
Luiz Felipe Perrone,Professor,Bucknell University,https://www.bucknell.edu/fac-staff/luiz-felipe-perrone
Rajesh Kumar,Assistant Professor,Bucknell University,https://sites.google.com/view/kumar7/
Samuel Gutekunst,Assistant Professor,Bucknell University,https://www.bucknell.edu/fac-staff/samuel-gutekunst
SingChun Lee,Assistant Professor,Bucknell University,https://www.bucknell.edu/fac-staff/singchun-lee
Todd Schmid,Assistant Professor,Bucknell University,https://toddtoddtodd.net/
Amy Csizmar Dalal,Professor,Carleton College,https://www.carleton.edu/directory/adalal/
Anna Meyer,Assistant Professor,Carleton College,https://www.carleton.edu/directory/annameyer/
Anna Rafferty,Professor,Carleton College,https://www.carleton.edu/directory/arafferty/
Anya Vostinar,Assistant Professor,Carleton College,https://www.carleton.edu/directory/vostinar/
Chelsey Edge,Assistant Professor,Carleton College,https://www.carleton.edu/directory/cedge/
David Liben-Nowell,Associate Professor,Carleton College,https://dln.land/
David Musicant,Professor,Carleton College,https://www.carleton.edu/directory/dmusicant/
Eric Alexander,Associate Professor,Carleton College,https://www.carleton.edu/directory/ealexander/
Jean Salac,Assistant Professor,Carleton College,https://www.carleton.edu/directory/salac/
Jeff Ondich,Professor,Carleton College,https://www.carleton.edu/directory/jondich/
Josh Davis,Senior Lecturer,Carleton College,https://www.carleton.edu/directory/jdavis/
Layla Oesper,Associate Professor,Carleton College,https://www.carleton.edu/directory/loesper/
Sneha Narayan,Assistant Professor,Carleton College,https://www.carleton.edu/directory/snarayan/
Tanya Amert,Assistant Professor,Carleton College,https://www.carleton.edu/directory/tamert/
Mark Johnson,Professor,Central College,
Robert Franks,Professor,Central College,https://robertfranks.org/me.html
Stephen Fyfe,Professor,Central College,https://central.edu/faculty/stephen-fyfe/
Dave Toth,Professor,Centre College,https://www.centre.edu/about/faculty-staff/dave-toth
Michael K. Bradshaw,Professor,Centre College,https://www.centre.edu/about/faculty-staff/michael-k-bradshaw
Thomas E. Allen,Associate Professor,Centre College,https://www.centre.edu/about/faculty-staff/thomas-e-allen
William Bailey,Assistant Professor,Centre College,https://www.centre.edu/about/faculty-staff/william-bailey
Abdelrahman Desoky,Associate Professor,Claflin University,https://www.claflin.edu/academics-research/faculty-research/meet-our-faculty/abdelrahman-desoky
Karina Liles,Associate Professor,Claflin University,https://www.claflin.edu/academics-research/faculty-research/meet-our-faculty/dr.-karina-liles
Ms. Erika L. Rhett,Lecturer,Claflin University,https://www.claflin.edu/academics-research/faculty-research/meet-our-faculty/erika-rhett
Pawar Shrikant,Assistant Professor,Claflin University,https://www.claflin.edu/academics-research/faculty-research/meet-our-faculty/dr.-pawar-shrikant
Chiu-Yen Kao,Professor,Claremont McKenna College,https://www.cmc.edu/academic/faculty/profile/chiu-yen-kao
Michael Izbicki,Associate Professor,Claremont McKenna College,https://www.cmc.edu/academic/faculty/profile/michael-izbicki
Raylen Witter,Assistant Professor,Claremont McKenna College,https://www.cmc.edu/academic/faculty/profile/raylen-witter
Sarah Cannon,Associate Professor,Claremont McKenna College,https://www.cmc.edu/academic/faculty/profile/sarah-cannon
Calvin Van Niewaal,Professor,Coe College,https://www.linkedin.com/in/calvin-van-niewaal-8b85a218/
Michael Stobb,Associate Professor,Coe College,http://www.stobb.org
Namrata Saha,Visiting Assistant Professor,Coe College,https://www.linkedin.com/in/namrata-saha-phd/
Stephen Hughes,Professor,Coe College,http://public.coe.edu/~shughes/
Terry Hostetler,Professor,Coe College,
Allen Harper,Assistant Professor,Colby College,https://www.colby.edu/people/people-directory/allen-harper/
Eric Aaron,Associate Professor,Colby College,https://cs.colby.edu/eaaron
Hannen Wolfe,Assistant Professor,Colby College,https://cs.colby.edu/hewolfe
Ike Lage,Assistant Professor,Colby College,https://isaaclage.github.io/
Max Bender,Assistant Professor,Colby College,https://www.colby.edu/people/people-directory/maximillian-bender/
Naser Al Madi,Visiting Assistant Professor,Colby College,https://cs.colby.edu/nsalmadi
Oliver Layton,Associate Professor,Colby College,https://sites.google.com/colby.edu/owlab
Stacy Doore,Assistant Professor,Colby College,https://stacyadoore.com/
Stephanie Taylor,Professor,Colby College,https://cs.colby.edu/srtaylor
Tahiya Chowdhury,Assistant Professor,Colby College,https://sites.google.com/view/tahiyachowdhury
Ying Li,Associate Professor,Colby College,https://cs.colby.edu/yingli
Aaron Gember-Jacobson,Associate Professor,Colgate University,https://www.colgate.edu/about/directory/agemberjacobson
David Perkins,Visiting Assistant Professor,Colgate University,https://www.colgate.edu/about/directory/dperkins
Elodie Fourquet,Associate Professor,Colgate University,https://www.colgate.edu/about/directory/efourquet
Forrest Davis,Assistant Professor,Colgate University,https://www.colgate.edu/about/directory/fdavis
Georgiana Haldeman,Assistant Professor,Colgate University,https://www.colgate.edu/about/directory/ghaldeman
Grusha Prasad,Assistant Professor,Colgate University,https://www.colgate.edu/about/directory/gprasad
Joel Sommers,Professor,Colgate University,https://www.colgate.edu/about/directory/jsommers
Katelyn Valete,Lab Instructor,Colgate University,https://www.colgate.edu/about/directory/kvalete
Matt Lyboult,Senior Lab Instructor,Colgate University,https://www.colgate.edu/about/directory/mlyboult
Nicholas Diana,Assistant Professor,Colgate University,https://www.colgate.edu/about/directory/ndiana
Noah Apthorpe,Associate Professor,Colgate University,https://www.colgate.edu/about/directory/napthorpe
Puck Wen,Assistant Professor,Colgate University,https://rcpuckwen.github.io/
Valerie Cucura,Senior Lab Instructor,Colgate University,https://www.colgate.edu/about/directory/vcucura
Vijay Ramachandran,Associate Professor,Colgate University,https://www.colgate.edu/about/directory/vramachandran
Heather Amthauer,Associate Professor,College of St Benedict,https://www.csbsju.edu/computer-science/person/heather-amthauer/
Imad Rahal,Professor,College of St Benedict,https://www.csbsju.edu/computer-science/person/imad-rahal/
Peter Ohmann,Associate Professor,College of St Benedict,https://www.csbsju.edu/computer-science/person/peter-ohmann/
Robert Hesse,Associate Professor,College of St Benedict,https://www.csbsju.edu/computer-science/person/robert-hesse/
Srikanth Vemula,Assistant Professor,College of St Benedict,https://www.csbsju.edu/computer-science/person/srikanth-vemula/
Vijay Srinivas Tida,Assistant Professor,College of St Benedict,https://www.csbsju.edu/computer-science/person/vijay-srinivas-tida/
Adam Lammert,Assistant Professor,College of the Holy Cross,https://www.holycross.edu/academics/people/adam-lammert
Farhad Mohsin,Assistant Professor,College of the Holy Cross,https://www.holycross.edu/academics/people/farhad-mohsin
Kevin Walsh,Associate Professor,College of the Holy Cross,https://www.holycross.edu/academics/people/kevin-walsh
Laurie Smith King,Professor,College of the Holy Cross,https://www.holycross.edu/academics/people/laurie-smith-king
Ting Gu,Assistant Professor,College of the Holy Cross,https://www.holycross.edu/academics/people/ting-gu
Zack Fitzsimmons,Associate Professor,College of the Holy Cross,https://www.holycross.edu/academics/people/zack-fitzsimmons
Alex Nord,Assistant Professor,College of Wooster,https://wooster.edu/bio/alex-nord/
Dan Palmer,Professor,College of Wooster,https://wooster.edu/bio/danpalmer/
Drew Guarnera,Assistant Professor,College of Wooster,https://wooster.edu/bio/dguarnera/
Heather Guarnera,Assistant Professor,College of Wooster,https://wooster.edu/bio/hguarnera/
John Musgrave,Visiting Assistant Professor,College of Wooster,https://wooster.edu/bio/john-musgrave/
Sofia Visa,Professor,College of Wooster,https://wooster.edu/bio/svisa/
Ben Nye,Assistant Professor,Colorado College,https://www.coloradocollege.edu/basics/contact/directory/people/nye_ben.html
Beth Malmskog,Associate Professor,Colorado College,https://www.coloradocollege.edu/basics/contact/directory/people/malmskog_beth.html
Blake Jackson,Assistant Professor,Colorado College,https://www.coloradocollege.edu/basics/contact/directory/people/jackson_blake.html
Cory B Scott,Assistant Professor,Colorado College,https://www.coloradocollege.edu/basics/contact/directory/people/scott_cory-b.html
Danielle Ellsworth,Assistant Professor,Colorado College,https://www.coloradocollege.edu/basics/contact/directory/people/ellsworth_danielle.html
David Brown,Professor,Colorado College,https://www.coloradocollege.edu/basics/contact/directory/people/brown_david_herbert.html
Flavia Sancier-Barbosa,Associate Professor,Colorado College,https://www.coloradocollege.edu/basics/contact/directory/people/sancier-barbosa_flavia_cabral.html
Ike Agbanusi,Assistant Professor,Colorado College,https://www.coloradocollege.edu/basics/contact/directory/people/agbanusi_ike.html
Jane McDougall,Associate Professor,Colorado College,https://www.coloradocollege.edu/basics/contact/directory/people/mcdougall_jane_margaret.html
Janet Burge,Associate Professor,Colorado College,https://www.coloradocollege.edu/basics/contact/directory/people/burge_janet_elizabeth.html
Luis David Garcia Puente,Professor,Colorado College,https://www.coloradocollege.edu/basics/contact/directory/people/garcia-puente_luis-david.html
Mike Siddoway,Professor,Colorado College,https://www.coloradocollege.edu/basics/contact/directory/people/siddoway_mike.html
Minho Kim,Assistant Professor,Colorado College,https://www.coloradocollege.edu/basics/contact/directory/people/kim_minho.html
Molly Moran,Associate Professor,Colorado College,https://www.coloradocollege.edu/basics/contact/directory/people/moran_molly.html
Rebecca Garcia,Professor,Colorado College,https://www.coloradocollege.edu/basics/contact/directory/people/garcia_rebecca_elaine.html
Stefan Erickson,Associate Professor,Colorado College,https://www.coloradocollege.edu/basics/contact/directory/people/erickson_stefan.html
Varsha Koushik,Assistant Professor,Colorado College,https://www.coloradocollege.edu/basics/contact/directory/people/koushik_varsha.html
Ahmed Kamel,Professor,Concordia College,https://www.concordiacollege.edu/directories/faculty-staff/details/dr-ahmed-kamel
Damian Lampl,Associate Professor,Concordia College,https://www.concordiacollege.edu/directories/faculty-staff/details/dr-damian-lampl
Gregory Tanner,Associate Professor,Concordia College,https://www.concordiacollege.edu/directories/faculty-staff/details/dr-gregory-tanner
Christine Chung,Professor,Connecticut College,https://www.conncoll.edu/directories/faculty-profiles/christine-chung
Gary Parker,Professor,Connecticut College,https://www.conncoll.edu/directories/faculty-profiles/gary-parker
John Schaeffer,Adjunct Instructor,Connecticut College,https://www.conncoll.edu/directories/faculty-profiles/john-schaeffer
Ozgur Izmirli,Professor,Connecticut College,https://www.conncoll.edu/directories/faculty-profiles/ozgur-izmirli
Robert Peitzsch,Adjunct Professor,Connecticut College,https://www.conncoll.edu/directories/faculty-profiles/robert-peitzsch
S. James Lee,Professor,Connecticut College,https://www.conncoll.edu/directories/faculty-profiles/sangyoon-lee
Stephen Douglass,Associate Professor,Connecticut College,https://www.conncoll.edu/directories/faculty-profiles/stephen-douglass
Thomas Daggett,Adjunct Professor,Connecticut College,https://www.conncoll.edu/directories/faculty-profiles/thomas-daggett
Timothy Becker,Associate Professor,Connecticut College,https://www.conncoll.edu/directories/faculty-profiles/timothy-becker
William Barnes,Adjunct Instructor,Connecticut College,https://www.conncoll.edu/directories/faculty-profiles/william-barnes
William Tarimo,Associate Professor,Connecticut College,https://www.conncoll.edu/directories/faculty-profiles/william-tarimo
Ajit Chavan,Associate Professor,Cornell College,https://www.cornellcollege.edu/academics/our-faculty/faculty-profile/index.php/show/achavan
Lauren Jepsen,Assistant Professor,Cornell College,https://www.cornellcollege.edu/academics/our-faculty/faculty-profile/index.php/show/ljepsen
Jeff Humphries,Professor,Covenant College,https://covenant.edu/academics/cs/faculty/humphries.html
Zeyu Zhou,Visiting Assistant Professor,Covenant College,https://covenant.edu/academics/cs/faculty/zhou.html
Ana Wright,Assistant Professor,Davidson College,https://www.davidson.edu/people/ana-wright
Angel Chavez,Assistant Professor,Davidson College,https://www.davidson.edu/people/angel-chavez
Carl Yerger,Professor,Davidson College,https://www.davidson.edu/people/carl-yerger
Catherine Nemitz,Assistant Professor,Davidson College,https://www.davidson.edu/people/catherine-nemitz
Hammurabi Mendes,Associate Professor,Davidson College,https://www.davidson.edu/people/hammurabi-mendes
Heather Blake,Associate Professor,Davidson College,https://www.davidson.edu/people/heather-blake
Jonad Pulaj,Associate Professor,Davidson College,https://www.davidson.edu/people/jonad-pulaj
Katy Williams,Assistant Professor,Davidson College,https://www.davidson.edu/people/katy-williams
Laurie Heyer,Associate Professor,Davidson College,https://www.davidson.edu/people/laurie-heyer
Matthew Bachmann,Visiting Assistant Professor,Davidson College,https://www.davidson.edu/people/matthew-bachmann
Raghu Ramanujan,Associate Professor,Davidson College,https://www.davidson.edu/people/raghu-ramanujan
Tabitha Peck,Associate Professor,Davidson College,https://www.davidson.edu/people/tabitha-peck
Terrence Lim,Assistant Professor,Davidson College,https://www.davidson.edu/people/terrence-lim
Tim Chartier,Professor,Davidson College,https://www.davidson.edu/people/tim-chartier
Yan Zhuang,Associate Professor,Davidson College,https://www.davidson.edu/people/yan-zhuang
Ashwin Lall,Professor,Denison University,https://denison.edu/people/ashwin-lall
David Kahn,Assistant Professor,Denison University,https://d-m-kahn.com/
Flannery Currin,Assistant Professor,Denison University,https://denison.edu/people/flannery-currin
Matt Kretchmar,Professor,Denison University,https://denison.edu/people/robert-kretchmar
Michael Chavrimootoo,Assistant Professor,Denison University,https://personal.denison.edu/~chavrimootoom/
Mikey Goldweber,Professor,Denison University,https://denison.edu/people/mikey-goldweber
Stacey Truex,Assistant Professor,Denison University,https://denison.edu/people/stacey-truex
Allana Johnson,Instructor,DePauw University,https://www.linkedin.com/in/allana-johnson/
Brian Howard,Associate Professor,DePauw University,https://www.depauw.edu/directories/detail/1508518504791/
Chad Byers,Associate Professor,DePauw University,https://www.linkedin.com/in/chad-byers-bb265617
Gloria Townsend,Professor,DePauw University,https://www.depauw.edu/directories/detail/250740738459/
Khadija Stewart,Professor,DePauw University,https://www.depauw.edu/directories/detail/1748518502607/
Mehmet Gulum,Assistant Professor,DePauw University,
Paul Bible,Assistant Professor,DePauw University,https://www.linkedin.com/in/paul-w-bible-03189814/
Scott Thede,Professor,DePauw University,https://www.depauw.edu/directories/detail/1260617272479/
Dick Forrester,Professor,Dickinson College,https://www.dickinson.edu/site/custom_scripts/dc_faculty_profile_index.php?fac=forrestr
Farhan Siddiqui,Associate Professor,Dickinson College,https://www.dickinson.edu/site/custom_scripts/dc_faculty_profile_index.php?fac=siddiquf
Grant Braught,Professor,Dickinson College,https://www.dickinson.edu/site/custom_scripts/dc_faculty_profile_index.php?fac=braught
John MacCormick,Professor,Dickinson College,https://www.dickinson.edu/site/custom_scripts/dc_faculty_profile_index.php?fac=jmac
Matt Ferland,Assistant Professor,Dickinson College,https://www.dickinson.edu/site/custom_scripts/dc_faculty_profile_index.php?fac=ferlandm
William Goble,Lecturer,Dickinson College,https://www.dickinson.edu/site/custom_scripts/dc_faculty_profile_index.php?fac=goblew
Adam Michlin,Assistant Professor,Drew University,https://blog.ceos.io/about/
Alex Rudniy,Associate Professor,Drew University,https://alexrudniy.com/
Barry Burd,Professor,Drew University,https://users.drew.edu/bburd/
Chris Gibbs,Adjunct Professor,Drew University,https://www.linkedin.com/in/chrisgibbs-/
Diane Liporace,Assistant Teaching Professor,Drew University,https://www.linkedin.com/in/diane-liporace-92367418a/
Fred Meyer,Adjunct Professor,Drew University,
Prasad Kothapalli,Adjunct Professor,Drew University,https://www.linkedin.com/in/pkothapalli/
Valerie Siyuan Feng,Assistant Professor,Drew University,https://www.linkedin.com/in/valerie-siyuan-feng-ph-d-6b26842a/
Yi Lu,Associate Professor,Drew University,https://www.linkedin.com/in/yi-lu-8745338a/
Charlie Peck,Associate Professor,Earlham College,https://earlham.edu/faculty-staff/charlie-peck/
Debanjali Banerjee,Assistant Professor,Earlham College,https://earlham.edu/faculty-staff/debanjali-banerjee/
Fatemeh Valizadeh Gamchi,Assistant Professor,Earlham College,https://earlham.edu/faculty-staff/fatemeh-valizadeh-gamchi/
Yunting Yin,Assistant Professor,Earlham College,https://earlham.edu/faculty-staff/yunting-yin/
Injoo Kim,Associate Professor,East-West University,https://www.eastwest.edu/computer-information-science/faculty/injoo-kim/
Julie Zhang,Associate Professor,East-West University,https://www.eastwest.edu/computer-information-science/faculty/julie-zhang/
Komal Vashisht,Adjunct Instructor,East-West University,https://komalvashisht.com/about/
Holger Mauch,Professor,Eckerd College,https://www.eckerd.edu/computer-science/faculty/mauch/
Kelly R. Debure,Professor,Eckerd College,https://www.eckerd.edu/computer-science/faculty/debure/
Michael L Hilton,Associate Professor,Eckerd College,http://www.eckerd.edu/computer-science/faculty/hilton/
Brad McDanel,Associate Professor,Franklin & Marshall College,https://www.fandm.edu/directory/brad-mcdanel.html
Ed Novak,Associate Professor,Franklin & Marshall College,https://www.fandm.edu/directory/ed-novak.html
Jacob Logas,Assistant Professor,Franklin & Marshall College,https://github.com/logasja
Jing Hu,Associate Professor,Franklin & Marshall College,https://www.fandm.edu/directory/jing-hu.html
Justin D Brody,Associate Professor,Franklin & Marshall College,https://www.fandm.edu/directory/justin-brody.html
Tony J Weaver,Adjunct Senior Instructor,Franklin & Marshall College,https://www.fandm.edu/directory/anthony-weaver.html
Willie Wilson,Associate Professor,Franklin & Marshall College,https://www.fandm.edu/directory/willie-wilson.html
Kerry Smith,Professor,Franklin College,https://franklincollege.edu/faculty/kerry-smith-ph-d/
Robert Beasley,Professor,Franklin College,https://franklincollege.edu/faculty/robert-beasley-ph-d/
Andrea Tartaro,Professor,Furman University,https://www.furman.edu/people/andrea-tartaro
Chris Alvin,Associate Professor,Furman University,https://www.furman.edu/people/christopher-alvin
Kevin Treu,Professor,Furman University,https://www.furman.edu/people/kevin-treu
Rebecca Drucker,Assistant Professor,Furman University,https://www.furman.edu/people/rebecca-drucker
Syed Fahad Sultan,Assistant Professor,Furman University,https://www.furman.edu/people/syed-fahad-sultan
Clif Presser,Associate Professor,Gettysburg College,https://www.gettysburg.edu/academic-programs/computer-science/faculty/employee_detail.dot?empId=02000449020013294&pageTitle=Clif+Presser
Daniel White,Lecturer,Gettysburg College,https://www.gettysburg.edu/academic-programs/computer-science/faculty/employee_detail.dot?empId=010401306320013294&pageTitle=Daniel+White
Ivaylo Ilinkin,Professor,Gettysburg College,https://www.gettysburg.edu/academic-programs/computer-science/faculty/employee_detail.dot?empId=04006600720013294&pageTitle=Ivaylo+Ilinkin
Jonathan Hoffman,Adjunct Instructor,Gettysburg College,https://www.gettysburg.edu/academic-programs/computer-science/faculty/employee_detail.dot?empId=014675866920013294&pageTitle=Jonathan+Hoffman
Sunghee Sunny Kim,Professor,Gettysburg College,https://www.gettysburg.edu/academic-programs/computer-science/faculty/employee_detail.dot?empId=02779742020013294&pageTitle=Sunghee++Sunny+Kim
Todd W. Neller,Professor,Gettysburg College,https://www.gettysburg.edu/academic-programs/computer-science/faculty/employee_detail.dot?empId=02000447520013294&pageTitle=Todd+W.+Neller
Irvin J. Levy,Professor,Gordon College,https://www.gordon.edu/people/irv-levy
Jonathan R. Senning,Professor,Gordon College,https://www.gordon.edu/people/jonathan-senning
Russell C. Bjork,Professor,Gordon College,https://www.gordon.edu/people/russell-bjork
Jill Zimmerman,Professor,Goucher College,https://www.goucher.edu/faculty/jill-zimmerman
Mohammad Naderi Dehkordi,Associate Professor,Goucher College,https://www.goucher.edu/faculty/mohammad-naderi-dehkordi
Robert Lewand,Professor,Goucher College,https://www.linkedin.com/in/robert-lewand-3898672b6/
Thomas Kelliher,Associate Professor,Goucher College,https://www.goucher.edu/faculty/thomas-kelliher
Ali Allami,Associate Professor,Grinnell College,https://www.grinnell.edu/user/28106
Charlie Curtsinger,Associate Professor,Grinnell College,https://www.grinnell.edu/user/932
Eric Autry,Assistant Professor,Grinnell College,https://www.ericautry.com/
Fernanda Eliott,Assistant Professor,Grinnell College,https://www.grinnell.edu/user/25491
Jerod Weinman,Associate Professor,Grinnell College,https://www.grinnell.edu/user/591
Nicole Eikmeier,Associate Professor,Grinnell College,https://eikmeier.sites.grinnell.edu/
Peter-Michael Osera,Associate Professor,Grinnell College,https://www.grinnell.edu/user/933
Samuel A. Rebelsky,Professor,Grinnell College,https://www.grinnell.edu/user/473
Shawn Ong,Assistant Professor,Grinnell College,https://www.grinnell.edu/user/28076
William Rebelsky,Assistant Professor,Grinnell College,https://www.grinnell.edu/user/27671
Aaron Nienow,Senior Instructor,Gustavus Adolphus College,https://gustavus.edu/profiles/anienow2
Baili Chen,Associate Professor,Gustavus Adolphus College,https://gustavus.edu/profiles/bchen
Guarionex Salivia,Associate Professor,Gustavus Adolphus College,https://gustavus.edu/profiles/gsalivia
Jacob Siehler,Associate Professor,Gustavus Adolphus College,https://gustavus.edu/profiles/jsiehler
Jeff Ford,Visiting Assistant Professor,Gustavus Adolphus College,https://gustavus.edu/profiles/jford
Jillian Downey,Associate Professor,Gustavus Adolphus College,https://gustavus.edu/profiles/jdowney
Laura Hildreth,Associate Professor,Gustavus Adolphus College,https://gustavus.edu/profiles/lhildreth
Louis Yu,Associate Professor,Gustavus Adolphus College,https://gustavus.edu/profiles/lyu
Thomas LoFaro,Professor,Gustavus Adolphus College,https://gustavus.edu/our-people/thomas-lofaro
Darren Strash,Associate Professor,Hamilton College,https://www.hamilton.edu/academics/our-faculty/directory/faculty-detail/darren-strash
Han Dong,Assistant Professor,Hamilton College,https://www.hamilton.edu/academics/our-faculty/directory/faculty-detail/han-dong
Karyn Doke,Assistant Professor,Hamilton College,https://www.hamilton.edu/academics/our-faculty/directory/faculty-detail/karyn-doke
Sarah Morrison-Smith,Assistant Professor,Hamilton College,https://www.hamilton.edu/academics/our-faculty/directory/faculty-detail/sarah-morrison-smith
Shawn Chen,Assistant Professor,Hamilton College,https://www.hamilton.edu/academics/our-faculty/directory/faculty-detail/xiao-chen
Thomas Helmuth,Associate Professor,Hamilton College,https://www.hamilton.edu/academics/our-faculty/directory/faculty-detail/Thomas-Helmuth
Wenbo Wang,Visiting Assistant Professor,Hamilton College,https://www.hamilton.edu/academics/our-faculty/directory/faculty-detail/wenbo-wang
Brian Lins,Professor,Hampden-Sydney College,https://www.hsc.edu/faculty-profile-index/brian-lins
Dylan Domel-White,Assistant Professor,Hampden-Sydney College,https://dylan-domelwhite.github.io/
John Machacek,Assistant Professor,Hampden-Sydney College,https://www.hsc.edu/faculty-profile-index/john-machacek
Joseph Rennie,Assistant Professor,Hampden-Sydney College,https://www.hsc.edu/faculty-profile-index/joseph-rennie
Michael C. Strayer,Associate Professor,Hampden-Sydney College,https://www.hsc.edu/faculty-profile-index/michael-strayer
Rebecca Jayne,Associate Professor,Hampden-Sydney College,https://www.hsc.edu/faculty-profile-index/rebecca-jayne
Sarah Loeb,Associate Professor,Hampden-Sydney College,https://www.hsc.edu/faculty-profile-index/sarah-loeb
William Tolley,Assistant Professor,Hampden-Sydney College,https://williamtolley.com/
Barbara Wahl,Professor,Hanover College,https://www.hanover.edu/about/profiles/wahl
Haris Skiadas,Professor,Hanover College,https://www.hanover.edu/about/profiles/skiadas
Jeffrey LaMarche,Visiting Instructor,Hanover College,
Howard Lichtman,Professor,Hartwick College,https://www.hartwick.edu/people/howard-lichtman/
Arthi Padmanabhan,Assistant Professor,Harvey Mudd College,https://artpad6.github.io/
Ben Wiedermann,Associate Professor,Harvey Mudd College,https://www.cs.hmc.edu/~benw/
Beth Trushkowsky,Associate Professor,Harvey Mudd College,http://www.cs.hmc.edu/~beth/research.shtml
Calden Wloka,Assistant Professor,Harvey Mudd College,https://www.caldenwloka.com/
Chris Stone,Professor,Harvey Mudd College,http://www.cs.hmc.edu/~stone/
Erin Talvitie,Professor,Harvey Mudd College,https://sites.google.com/g.hmc.edu/erinjtalvitie
George Montañez,Associate Professor,Harvey Mudd College,https://www.cs.hmc.edu/~montanez/
Jim Boerkoel,Professor,Harvey Mudd College,http://www.cs.hmc.edu/~boerkoel/
Jonathan Chang,Assistant Professor,Harvey Mudd College,https://jpwchang.github.io/
Julie Medero,Associate Professor,Harvey Mudd College,http://www.cs.hmc.edu/~julie/
Katherine Breeden,Associate Professor,Harvey Mudd College,https://graphics.stanford.edu/~kbreeden/
Lucas Bang,Associate Professor,Harvey Mudd College,https://www.cs.hmc.edu/~bang/index.html
Lynn Kirabo,Assistant Professor,Harvey Mudd College,https://www.cs.hmc.edu/~kirabo/
Melissa O'Neill,Professor,Harvey Mudd College,http://www.cs.hmc.edu/~oneill/research/
Tim Randolph,Assistant Professor,Harvey Mudd College,https://twrand.github.io/
Vidushi Ojha,Assistant Professor,Harvey Mudd College,https://vojha.github.io/
Xanda Schofield,Associate Professor,Harvey Mudd College,https://www.cs.hmc.edu/~xanda/#/home
Zach Dodds,Professor,Harvey Mudd College,http://www.cs.hmc.edu/~dodds/
Alvin Grissom,Associate Professor,Haverford College,https://www.haverford.edu/users/agrissom
David Wonnacott,Professor,Haverford College,https://www.haverford.edu/users/dwonnaco
Dung Nguyen,Visiting Assistant Professor,Haverford College,https://dnguyens.space/
John Dougherty,Associate Professor,Haverford College,https://www.haverford.edu/users/jdougher
Sorelle Friedler,Professor,Haverford College,https://www.haverford.edu/users/sfriedle
Steven Lindell,Professor,Haverford College,https://www.haverford.edu/users/slindell
Thao Nguyen,Assistant Professor,Haverford College,https://thao-nguyen-ai.github.io/
Brent A. Yorgey,Associate Professor,Hendrix College,https://www.hendrix.edu/WorkArea/linkit.aspx?LinkIdentifier=ID&ItemID=74339
Brian Delavan,Adjunct Professor,Hendrix College,https://www.hendrix.edu/WorkArea/linkit.aspx?LinkIdentifier=ID&ItemID=105311
Gabriel Ferrer,Professor,Hendrix College,https://www.hendrix.edu/WorkArea/linkit.aspx?LinkIdentifier=ID&ItemID=70718
Mark Goadrich,Professor,Hendrix College,https://www.hendrix.edu/WorkArea/linkit.aspx?LinkIdentifier=ID&ItemID=70721
Chris Fietkiewicz,Associate Professor,Hobart and William Smith College,https://www.hws.edu/faculty/fietkiewicz-chris.aspx
Erika L.C. King,Associate Professor,Hobart and William Smith College,https://www.hws.edu/faculty/king-erika.aspx
Hanqing Hu,Assistant Professor,Hobart and William Smith College,https://www.hws.edu/faculty/hu-hanqing.aspx
Jennifer Biermann,Associate Professor,Hobart and William Smith College,https://math.hws.edu/web/faculty/biermann.html
Jocelyn Bell,Associate Professor,Hobart and William Smith College,https://math.hws.edu/web/faculty/bell.html
Jonathan E Forde,Professor,Hobart and William Smith College,https://www.hws.edu/faculty/forde-jonathan.aspx
Joseph Rusinko,Professor,Hobart and William Smith College,https://www.hws.edu/faculty/rusinko-joseph.aspx
Stina S Bridgeman,Associate Professor,Hobart and William Smith College,https://math.hws.edu/bridgeman/
Yan Hao,Associate Professor,Hobart and William Smith College,https://www.hws.edu/faculty/hao-yan.aspx
Charles Cusack,Professor,Hope College,https://hope.edu/directory/people/cusack-charles/index.html
Fola Olagbemi,Assistant Professor,Hope College,https://hope.edu/directory/people/olagbemi-fola/index.html
Michael Jipping,Professor,Hope College,https://hope.edu/directory/people/jipping-michael/index.html
Ryan McFall,Professor,Hope College,https://hope.edu/directory/people/mcfall-ryan/index.html
Babafemi Sorinolu,Assistant Professor,Houghton University,https://www.houghton.edu/staff-members/babafemi-sorinolu/
Katrina Koehler,Associate Professor,Houghton University,https://www.houghton.edu/staff-members/katrina-koehler/
Takako Soma,Associate Professor,Illinois College,https://www.ic.edu/directory/soma-takako
Elainea Neville,Instructor,Juniata College,https://www.juniata.edu/academics/provost/bio.php?id=Neville
Gerald W. Kruse,Professor,Juniata College,https://www.juniata.edu/academics/provost/bio.php?id=KRUSE
Jianyuan Ni,Assistant Professor,Juniata College,https://jiany-ctrl.github.io/
Jigar Patel,Lecturer,Juniata College,https://www.linkedin.com/in/jigarjpatel/
John J. Wright,Associate Professor,Juniata College,https://www.juniata.edu/academics/provost/bio.php?id=WRIGHTJ
William H. Thomas,Professor,Juniata College,https://www.juniata.edu/academics/provost/bio.php?id=THOMAS
Alyce Brady,Professor,Kalamazoo College,https://www.cs.kzoo.edu/~abrady/
Nicholas Polanco,Visiting Assistant Professor,Kalamazoo College,http://www.cs.kzoo.edu/~npolanco/schedule.html
Pam Cutter,Professor,Kalamazoo College,https://www.cs.kzoo.edu/~pcutter/
Sandino Vargas-Pérez,Associate Professor,Kalamazoo College,https://www.sandinovargasperez.com/
Tasnim Gharaibeh,Assistant Professor,Kalamazoo College,http://www.cs.kzoo.edu/~tgharaib/tgharaib.html
David Bunde,Professor,Knox College,https://www.knox.edu/academics/faculty/bunde-david
Jaime Spacco,Associate Professor,Knox College,https://www.knox.edu/academics/faculty/spacco-jaime
Jurdana Masuma Iqrah,Assistant Professor,Knox College,https://www.knox.edu/academics/faculty/iqrah-jurdana-masuma-x50047
Michael Gerten,Visiting Instructor,Knox College,https://www.knox.edu/academics/faculty/gerten-michael
Shengting Cao,Assistant Professor,Knox College,https://www.knox.edu/academics/faculty/cao-shengting
Christian Lopez,Assistant Professor,Lafayette College,http://sites.lafayette.edu/lopezbec
Ge Xia,Professor,Lafayette College,http://www.cs.lafayette.edu/~gexia
Jeffrey O. Pfaffmann,Associate Professor,Lafayette College,http://sites.lafayette.edu/pfaffmaj/
Jia Tao,Associate Professor,Lafayette College,https://sites.lafayette.edu/taoj/
Jonathan Dahl,Senior Lecturer,Lafayette College,https://sites.lafayette.edu/dahlj/teaching/
Jorge Silveyra,Assistant Professor,Lafayette College,https://compsci.lafayette.edu/people/jorge-silveyra/
Justin Smith,Assistant Professor,Lafayette College,https://jssmith1.github.io/
Lauren Biernacki,Assistant Professor,Lafayette College,https://www.linkedin.com/in/laurenbiernacki/
Sofia Serrano,Assistant Professor,Lafayette College,https://sites.lafayette.edu/serranos/
Craig Knuckles,Professor,Lake Forest College,https://www.lakeforest.edu/academics/faculty/knuckles
Dakotah Lambert,Assistant Professor,Lake Forest College,https://www.lakeforest.edu/academics/faculty/dlambert
Enrique Trevino,Professor,Lake Forest College,https://www.lakeforest.edu/academics/faculty/trevino
Gunjan Sharma,Visiting Assistant Professor,Lake Forest College,https://www.lakeforest.edu/academics/faculty/gsharma
Sara Jamshidi,Assistant Professor,Lake Forest College,https://www.lakeforest.edu/academics/faculty/sjamshidi
Sugata Banerji,Associate Professor,Lake Forest College,https://www.lakeforest.edu/academics/faculty/banerji
Kent Tyler,Assistant Professor,Lane College,
Kitai Jeong,Assistant Professor,Lane College,
Sheldon Liang,Assistant Professor,Lane College,
Acacia Ackles,Assistant Professor,Lawrence University,https://www.lawrence.edu/people/acacia-ackles-assistant-professor-of-computer-science
Joseph N. Gregg,Associate Professor,Lawrence University,https://www.lawrence.edu/people/joseph-gregg-associate-professor-of-computer-science
Kurt Krebsbach,Professor,Lawrence University,https://www.lawrence.edu/people/kurt-krebsbach-professor-of-computer-science
Kyle Diederich,Visiting Assistant Professor,Lawrence University,https://www.lawrence.edu/people/kyle-diederich-visiting-assistant-professor-of-computer-science
David Lovitz,Visiting Professor,Lewis & Clark College,https://college.lclark.edu/live/profiles/23609-david-lovitz
Sweta Suryanarayan,Assistant Professor,Lewis & Clark College,https://college.lclark.edu/live/profiles/149-sweta-suryanarayan
Chuck Lundon,Professor,Linfield University,https://www.linfield.edu/faculty/chuckl.html
Daniel Ford,Assistant Professor,Linfield University,https://www.linfield.edu/faculty/dford.html
Jennifer Nordstrom,Professor,Linfield University,https://www.linfield.edu/faculty/jfirkins.html
Kate Lorenzen,Assistant Professor,Linfield University,https://www.linfield.edu/faculty/klorenzen.html
Mike Hitchman,Professor,Linfield University,https://www.linfield.edu/faculty/mhitchm.html
Nurideen Abubakari,Assistant Professor,Linfield University,https://www.linfield.edu/faculty/nabubakari.html
Stephen Bricher,Professor,Linfield University,https://www.linfield.edu/faculty/sbricher.html
Yujie Wang,Assistant Professor,Linfield University,https://www.linfield.edu/faculty/ywang3.html
Kar Ee Ho,Assistant Professor,Luther College,https://www.luther.edu/faculty/kar-ee-ho
Roman Yasinovskyy,Associate Professor,Luther College,https://www.luther.edu/faculty/roman-yasinovskyy
Sanad Aburass,Assistant Professor,Luther College,https://sanadaburass.com/
Thuy Do,Assistant Professor,Luther College,https://www.luther.edu/faculty/thuy-do
Adrian Rublein,Assistant Professor,Lycoming College,https://www.lycoming.edu/faculty/rublein-adrian.aspx
Krish Pillai,Assistant Professor,Lycoming College,https://www.lycoming.edu/faculty/pillai-krish.aspx
Marcus Birkenkrahe,Associate Professor,Lyon College,https://www.lyon.edu/marcus-birkenkrahe
Pietro Dall'Olio,Assistant Professor,Lyon College,https://www.linkedin.com/in/pietro-dall-olio-81bb35132/
Abby Marsh,Associate Professor,Macalester College,https://www.macalester.edu/mscs/facultystaff/abigail-marsh/
Amin Alhashim,Visiting Assistant Professor,Macalester College,https://www.macalester.edu/mscs/facultystaff/amin-alhashim/
Bret Jackson,Professor,Macalester College,https://www.macalester.edu/mscs/facultystaff/bretjackson/
Dan Drake,Visiting Assistant Professor,Macalester College,https://dandrake.github.io/
Daniel O'Loughlin,Visiting Assistant Professor,Macalester College,https://www.macalester.edu/mscs/facultystaff/daniel-oloughlin/
Elizabeth Ernst,Assistant Professor,Macalester College,https://www.macalester.edu/mscs/facultystaff/elizabethernst/
Elizabeth Shoop,Professor,Macalester College,https://www.macalester.edu/mscs/facultystaff/libbyshoop/
Getiria Onsongo,Associate Professor,Macalester College,https://www.macalester.edu/mscs/facultystaff/onsongo/
Joslenne Peña,Assistant Professor,Macalester College,https://www.macalester.edu/mscs/facultystaff/joslenne-pena/
Lauren Milne,Associate Professor,Macalester College,https://www.macalester.edu/mscs/facultystaff/lauren-milne/
Lian Duan,Instructor,Macalester College,https://www.macalester.edu/mscs/facultystaff/duan/
Paul Cantrell,Senior Instructor,Macalester College,https://www.macalester.edu/mscs/facultystaff/paulcantrell/
Shilad Sen,Professor,Macalester College,https://www.macalester.edu/mscs/facultystaff/shiladsen/
Suhas Arehalli,Assistant Professor,Macalester College,https://sarehalli.github.io/
Susan Fox,Professor,Macalester College,https://www.macalester.edu/mscs/facultystaff/susanfox/
Barbara Johnson,Associate Professor,Maryville College,https://www.maryvillecollege.edu/faculty/barbara-johnson/
David Eve,Professor,Massachusetts College of Liberal Arts,https://mcla.edu/about-mcla/faculty/david-eve.php
Guodong Wang,Associate Professor,Massachusetts College of Liberal Arts,https://mcla.edu/about-mcla/faculty/guodong-wang.php
Jennifer Hontz,Professor,Meredith College,https://www.meredith.edu/directory/jennifer-hontz/
Kristin Watkins,Professor of Practice,Meredith College,https://www.meredith.edu/directory/kristin-watkins/
Mark Gass,Assistant Professor of Practice,Meredith College,https://www.meredith.edu/directory/mark-gass/
Amy Briggs,Professor,Middlebury College,https://www.middlebury.edu/college/people/amy-briggs
Ananya Das,Associate Professor,Middlebury College,https://www.middlebury.edu/college/people/ananya-das
Andrea Vaccari,Associate Professor,Middlebury College,https://www.middlebury.edu/college/people/andrea-vaccari
Christopher Andrews,Associate Professor,Middlebury College,https://www.middlebury.edu/college/people/christopher-andrews
Frank Swenton,Professor,Middlebury College,https://www.middlebury.edu/college/people/frank-swenton
Laura Biester,Assistant Professor,Middlebury College,https://github.com/lbiester
Matthew Dickerson,Professor,Middlebury College,https://www.middlebury.edu/college/people/matthew-dickerson
Michael Linderman,Associate Professor,Middlebury College,https://www.middlebury.edu/college/people/michael-linderman
Peter Johnson,Associate Professor,Middlebury College,https://www.middlebury.edu/college/people/peter-johnson
Phil Chodrow,Assistant Professor,Middlebury College,https://www.middlebury.edu/college/people/phil-chodrow
Philip Caplan,Assistant Professor,Middlebury College,https://www.middlebury.edu/college/people/philip-caplan
Shelby Kimmel,Associate Professor,Middlebury College,https://www.middlebury.edu/college/people/shelby-kimmel
Smith Gakuya,Visiting Lab Instructor,Middlebury College,https://github.com/Sgakuya
Logan Mayfield,Professor,Monmouth College,http://jlmayfield.github.io/
Robert Utterback,Adjunct Professor,Monmouth College,https://www.monmouthcollege.edu/live/profiles/499-robert-utterback
Alyxander Burns,Assistant Professor,Mount Holyoke College,https://www.mtholyoke.edu/directory/faculty-staff/alyxander-burns
Audrey St. John,Professor,Mount Holyoke College,https://www.mtholyoke.edu/directory/faculty-staff/audrey-st-john
Barbara Staudt Lerner,Professor,Mount Holyoke College,https://www.mtholyoke.edu/directory/faculty-staff/barbara-staudt-lerner
Diane Uwacu,Assistant Professor,Mount Holyoke College,https://www.mtholyoke.edu/directory/faculty-staff/diane-uwacu
Heather Pon-Barry,Associate Professor,Mount Holyoke College,https://www.mtholyoke.edu/directory/faculty-staff/heather-pon-barry
James McCauley,Associate Professor,Mount Holyoke College,https://www.mtholyoke.edu/directory/faculty-staff/james-mccauley
Lisa A. Ballesteros,Associate Professor,Mount Holyoke College,https://www.mtholyoke.edu/directory/faculty-staff/lisa-ballesteros
Melody Su,Associate Professor,Mount Holyoke College,https://www.mtholyoke.edu/directory/faculty-staff/melody-su
Tony Liu,Assistant Professor,Mount Holyoke College,https://www.mtholyoke.edu/directory/faculty-staff/tony-liu
Abbey D'Ovidio,Assistant Professor,Muhlenberg College,https://www.muhlenberg.edu/directory/abbey-dovidio/
Allison Davidson,Associate Professor,Muhlenberg College,https://www.muhlenberg.edu/directory/allison-davidson/
Elyn Rykken,Professor,Muhlenberg College,https://www.muhlenberg.edu/directory/elyn-rykken/
Gary Shufelt,Adjunct Professor,Muhlenberg College,https://www.muhlenberg.edu/directory/gary-shufelt/
Hamed Yaghoobian,Assistant Professor,Muhlenberg College,https://www.muhlenberg.edu/directory/hamed-yaghoobian/
James Russell,Associate Professor,Muhlenberg College,https://www.muhlenberg.edu/directory/james-russell/
Linda McGuire,Professor,Muhlenberg College,https://www.muhlenberg.edu/directory/linda-mcguire/
Michael Allocca,Associate Professor,Muhlenberg College,https://www.muhlenberg.edu/directory/michael-allocca/
Michael Karcher,Assistant Professor,Muhlenberg College,https://www.muhlenberg.edu/directory/michael-karcher/
Proyash Podder,Assistant Professor,Muhlenberg College,https://www.muhlenberg.edu/directory/proyash-podder/
William Gryc,Professor,Muhlenberg College,https://www.muhlenberg.edu/directory/william-gryc/
Youngsun Jang,Assistant Professor,Muhlenberg College,https://www.muhlenberg.edu/directory/youngsun-jang/
Daniel Page,Visiting Assistant Professor,New College of Florida,https://drpage.pagewizardgames.com/
David Gillman,Associate Professor,New College of Florida,https://www.ncf.edu/directory/david-w-gillman/
Fahmida Hamid,Assistant Professor,New College of Florida,https://www.ncf.edu/directory/fahmida-hamid/
Gil Salu,Visiting Assistant Professor,New College of Florida,https://www.ncf.edu/directory/19000/
Adam Eck,Associate Professor,Oberlin College,https://www.oberlin.edu/adam-eck
Cynthia Taylor,Associate Professor,Oberlin College,https://www.oberlin.edu/cynthia-taylor
Emily Wang,Assistant Professor,Oberlin College,https://www.oberlin.edu/emily-wang
Howard Levinson,Assistant Professor,Oberlin College,https://www.oberlin.edu/howard-levinson
Joshua H. Davidson,Assistant Professor,Oberlin College,https://www.oberlin.edu/joshua-h-davidson
Mary Hogan,Assistant Professor,Oberlin College,https://www.oberlin.edu/mary-hogan
Michael McCarrin,Assistant Professor,Oberlin College,https://www.oberlin.edu/michael-mccarrin
Molly Q Feldman,Assistant Professor,Oberlin College,https://www.oberlin.edu/molly-feldman
Roberto Hoyle,Associate Professor,Oberlin College,https://www.oberlin.edu/roberto-hoyle
Sam Taggart,Associate Professor,Oberlin College,https://www.oberlin.edu/sam-taggart
Stephen Checkoway,Associate Professor,Oberlin College,https://www.oberlin.edu/stephen-checkoway
Chris Cianci,Assistant Professor,Occidental College,https://www.oxy.edu/academics/faculty/chris-cianci
Hector M. Camarillo Abad,Assistant Professor,Occidental College,https://www.oxy.edu/academics/faculty/hector-m-camarillo-abad
Hsing-Hau Chen,Associate Professor,Occidental College,https://www.oxy.edu/academics/faculty/hsing-hau-chen
Joel Walsh,Assistant Professor,Occidental College,https://www.oxy.edu/academics/faculty/joel-walsh
Justin Li,Associate Professor,Occidental College,https://www.oxy.edu/academics/faculty/justin-li
Kathryn Leonard,Professor,Occidental College,https://www.oxy.edu/academics/faculty/kathryn-leonard
Meiqing Zhang,Assistant Professor,Occidental College,https://www.oxy.edu/academics/faculty/meiqing-zhang
Teddy Pozo,Assistant Professor,Occidental College,https://www.oxy.edu/academics/faculty/teddy-pozo
Treena Basu,Associate Professor,Occidental College,https://www.oxy.edu/academics/faculty/treena-basu
Mehwish Abbasi,Assistant Professor,Ohio Wesleyan University,https://www.owu.edu/academics/departments-programs/mathematics-computer-science-department/faculty-staff/mehwish-abbasi/
Alexandra Papoutsaki,Associate Professor,Pomona College,https://www.pomona.edu/directory/people/alexandra-papoutsaki
Andrew T. Wilson,Lecturer,Pomona College,https://www.pomona.edu/directory/people/andrew-t-wilson
Anthony Clark,Assistant Professor,Pomona College,https://www.pomona.edu/directory/people/anthony-clark
David R. Kauchak,Professor,Pomona College,https://www.pomona.edu/directory/people/david-r-kauchak
Eleanor Birrell,Associate Professor,Pomona College,https://www.pomona.edu/directory/people/eleanor-birrell
Jingyi Li,Assistant Professor,Pomona College,https://jingyi.me/
Joseph C. Osborn,Associate Professor,Pomona College,https://www.pomona.edu/directory/people/joseph-c-osborn
Michael Zlatin,Assistant Professor,Pomona College,https://mzlatin.github.io/
Sam Thomas,Assistant Professor,Pomona College,https://samueltphd.github.io/
Tzu-Yi Chen,Professor,Pomona College,https://www.pomona.edu/directory/people/tzu-yi-chen
Yuqing Melanie Wu,Professor,Pomona College,https://www.pomona.edu/directory/people/yuqing-melanie-wu
Gregory Goeckel,Professor,Presbyterian College,https://www.presby.edu/directory/gregory-goeckel/
Olivia Nche,Assistant Professor,Presbyterian College,https://www.presby.edu/directory/olivia-nche/
Brad Spendlove,Associate Professor,Randolph College,https://www.randolphcollege.edu/mathematics
Jia Wan,Associate Professor,Randolph College,https://www.randolphcollege.edu/mathematics
Marc Ordower,Visiting Associate Professor,Randolph College,https://www.randolphcollege.edu/mathematics
John W. McManus,Associate Professor,Randolph-Macon College,https://www.rmc.edu/profile/john-mcmanus/
La Toria H. Tookes,Senior Lecturer,Randolph-Macon College,https://latoriatookes.com/
Maha Elouni,Assistant Professor,Randolph-Macon College,https://www.rmc.edu/profile/maha-elouni/
Rance Necaise,Associate Professor,Randolph-Macon College,https://www.rmc.edu/profile/rance-necaise/
Robin M. Givens,Associate Professor,Randolph-Macon College,https://www.rmc.edu/profile/robin-m-givens/
Samuel Henry,Assistant Professor,Randolph-Macon College,https://www.rmc.edu/profile/samuel-henry/
Adam Groce,Associate Professor,Reed College,https://people.reed.edu/~agroce/
Erica Blum,Assistant Professor,Reed College,https://www.reed.edu/faculty-profiles/profiles/blum-erica.html
Greg Anderson,Assistant Professor,Reed College,https://people.reed.edu/~grega/
Harper Knittel,Assistant Professor,Reed College,https://www.reed.edu/faculty-profiles/profiles/knittel-harper.html
Jim Fix,Professor,Reed College,https://people.reed.edu/%7ejimfix
Addison Schwamb,Assistant Professor,Rhodes College,https://addison-schwamb.github.io
Betsy Sanders,Professor,Rhodes College,https://www.rhodes.edu/bio/betsy-sanders
Brian Larkins,Associate Professor,Rhodes College,https://www.rhodes.edu/bio/d-brian-larkins
Jace King,Visiting Assistant Professor,Rhodes College,https://www.rhodes.edu/bio/jace-king
Mark Cooper,Adjunct Assistant Professor,Rhodes College,https://thedatabrains.com/
Matt Superdock,Assistant Professor,Rhodes College,https://www.cs.rhodes.edu/~superdockm/
Phillip Kirlin,Associate Professor,Rhodes College,http://www.cs.rhodes.edu/~kirlinp
Sean Kugele,Assistant Professor,Rhodes College,https://www.rhodes.edu/bio/sean-kugele
Anil Shende,Professor,Roanoke College,https://www.roanoke.edu/profiles/shende_anil
Durell Bouchard,Associate Professor,Roanoke College,https://www.roanoke.edu/profiles/bouchard_durell
Wale Sekoni,Assistant Professor,Roanoke College,https://www.roanoke.edu/profiles/sekoni_adewale
Adam Albina,Assistant Professor,Saint Anselm College,https://www.anselm.edu/about/campus-directory/adam-albina
Michael Huelsman,Assistant Professor,Saint Anselm College,https://www.anselm.edu/about/campus-directory/michael-huelsman
Mitra Mohtarami,Assistant Professor,Saint Anselm College,https://www.anselm.edu/about/campus-directory/mitra-mohtarami-phd
Rajesh Prasad,Associate Professor,Saint Anselm College,https://www.anselm.edu/about/campus-directory/rajesh-prasad
Aarathi Prasad,Associate Professor,Skidmore College,https://www.skidmore.edu/computer-science/faculty/aarathi-prasad.php
Christine Reilly,Associate Professor,Skidmore College,https://www.skidmore.edu/computer-science/faculty/christine-reilly.php
David Read,Associate Teaching Professor,Skidmore College,https://www.skidmore.edu/computer-science/faculty/david-read.php
Esma Wali,Visiting Assistant Professor,Skidmore College,https://www.skidmore.edu/computer-science/faculty/esma-wali.php
Michael Eckmann,Associate Professor,Skidmore College,https://www.skidmore.edu/computer-science/faculty/michael-eckmann.php
Nelson Dellis,Visiting Assistant Professor,Skidmore College,https://www.skidmore.edu/computer-science/faculty/nelson-dellis.php
Thomas O'Connell,Associate Professor,Skidmore College,https://www.skidmore.edu/computer-science/faculty/thomas-oconnell.php
Wenlu Du,Assistant Professor,Skidmore College,https://www.skidmore.edu/computer-science/faculty/wenlu-du.php
Ab Mosca,Visiting Assistant Professor,Smith College,https://www.smith.edu/people/ab-mosca
Halie Rando,Assistant Professor,Smith College,https://www.smith.edu/people/halie-rando
Hia Ghosh,Lecturer,Smith College,https://www.smith.edu/people/hia-ghosh
Ileana Streinu,Professor,Smith College,https://www.smith.edu/people/ileana-streinu
Jamie Macbeth,Associate Professor,Smith College,https://www.smith.edu/people/jamie-macbeth
Johanna Brewer,Assistant Professor,Smith College,https://www.smith.edu/people/johanna-brewer
Katherine M. Kinnaird,Associate Professor,Smith College,https://www.smith.edu/people/katherine-m-kinnaird
Michael Robson,Assistant Professor,Smith College,https://www.smith.edu/people/michael-robson
Nicholas Howe,Professor,Smith College,https://www.smith.edu/people/nicholas-howe
Pablo Frank Bolton,Lecturer,Smith College,https://www.smith.edu/people/pablo-frank-bolton
R. Jordan Crouser,Associate Professor,Smith College,https://www.smith.edu/people/r-jordan-crouser
Shinyoung Cho,Assistant Professor,Smith College,https://www.smith.edu/people/shinyoung-cho
Ammon Hepworth,Assistant Professor,Southern Virginia University,https://svu.edu/bios/ammon-hepworth/
Arjun Chandrasekhar,Assistant Professor,Southwestern University,https://www.southwestern.edu/live/profiles/42471-arjun-chandrasekhar
Barbara M. Anthony,Professor,Southwestern University,https://www.southwestern.edu/live/profiles/25773-
Jacob Schrum,Associate Professor,Southwestern University,https://www.southwestern.edu/live/profiles/25770-
A.J. Dykstra,Lecturer,St. Lawrence University,https://www.stlawu.edu/people/aj-dykstra
Choong-Soo Lee,Associate Professor,St. Lawrence University,https://www.stlawu.edu/people/choong-soo-lee
Daniel Condon,Assistant Professor,St. Lawrence University,https://www.stlawu.edu/people/daniel-condon
Daniel M Look,Professor,St. Lawrence University,https://www.stlawu.edu/people/dr-daniel-m-look
Duncan Melville,Professor,St. Lawrence University,https://www.stlawu.edu/people/duncan-melville
Ed Harcourt,Professor,St. Lawrence University,https://www.stlawu.edu/people/dr-ed-harcourt
Gabriel Dorfsman-Hopkins,Assistant Professor,St. Lawrence University,https://www.stlawu.edu/people/gabriel-dorfsman-hopkins
Ivan Ramler,Associate Professor,St. Lawrence University,https://www.stlawu.edu/people/ivan-ramler
Jessica Chapman,Professor,St. Lawrence University,https://www.stlawu.edu/people/jessica-chapman
Kevin A. Angstadt,Associate Professor,St. Lawrence University,https://www.stlawu.edu/people/dr-kevin-angstadt
Leiyue Li,Assistant Professor,St. Lawrence University,https://lli289.github.io/
Lisa Torrey,Associate Professor,St. Lawrence University,https://www.stlawu.edu/people/lisa-torrey
Maegan K. Bos,Associate Professor,St. Lawrence University,https://www.stlawu.edu/people/dr-maegan-k-bos
Matt Higham,Associate Professor,St. Lawrence University,https://www.stlawu.edu/people/matt-higham
Michael Schuckers,Professor,St. Lawrence University,https://myslu.stlawu.edu/~msch/
Patti Frazer Lock,Professor,St. Lawrence University,https://www.stlawu.edu/people/patti-frazer-lock
Robin Lock,Professor,St. Lawrence University,https://www.stlawu.edu/people/robin-lock
Bob Tracy,Adjunct Instructor,St. Mary's College of Maryland,https://inside.smcm.edu/directory/bob-tracy
Emily Barranca,Assistant Professor,St. Mary's College of Maryland,https://inside.smcm.edu/directory/emily-barranca
Muhieddine Shebaro,Visiting Assistant Professor,St. Mary's College of Maryland,https://inside.smcm.edu/directory/muhieddine-shebaro
Richard Young,Adjunct Professor,St. Mary's College of Maryland,https://inside.smcm.edu/directory/richard-rick-young
Sayan Goswami,Assistant Professor,St. Mary's College of Maryland,https://sayangoswami.github.io/
Simon Read,Associate Professor,St. Mary's College of Maryland,https://inside.smcm.edu/directory/simon-read
Waqar Saleem,Associate Professor,St. Mary's College of Maryland,https://inside.smcm.edu/directory/waqar-saleem
Seth Meyer,Professor,St. Norbert College,https://www.snc.edu/academics/faculty/seth-meyer
Barbara Johnson,Visiting Assistant Professor,St. Olaf College,https://www.stolaf.edu/directory/search?department=Computer+Science
Jaime Davila,Associate Professor,St. Olaf College,https://www.stolaf.edu/directory/search?department=Computer+Science
Kodjo Houssou,Visiting Instructor,St. Olaf College,https://www.stolaf.edu/directory/search?department=Mathematics
Matthew Wright,Associate Professor,St. Olaf College,https://www.stolaf.edu/profile/wright5
Melissa Lynn,Assistant Professor,St. Olaf College,https://www.stolaf.edu/directory/search?department=Computer+Science
Olaf Hall-Holt,Associate Professor,St. Olaf College,https://www.stolaf.edu/profile/olaf
Ryota Matsuura,Professor,St. Olaf College,https://www.stolaf.edu/profile/matsuura
Will Leeson,Assistant Professor,St. Olaf College,https://www.stolaf.edu/profile/leeson2
Hamza M. Elhamdadi,Assistant Professor,Stonehill College,https://www.stonehill.edu/faculty-staff-directory/details/hamza-m-elhamdadi/
Samuel Goree,Assistant Professor,Stonehill College,https://www.stonehill.edu/faculty-staff-directory/details/samuel-goree/
Sharmishtha Dutta,Assistant Professor,Stonehill College,https://www.stonehill.edu/faculty-staff-directory/details/sharmishtha-dutta/
Alathea Jensen,Associate Professor,Susquehanna University,https://www.susqu.edu/profiles/jensena/
Alexander Wilce,Professor,Susquehanna University,https://www.susqu.edu/profiles/wilce/
Anusha Veluswamy,Assistant Professor,Susquehanna University,https://www.scientificlaurels.com/biography/pwdo
Edisanter Lo,Professor,Susquehanna University,https://www.susqu.edu/profiles/loe/
Jeffrey Graham,Associate Professor,Susquehanna University,https://www.susqu.edu/profiles/graham/
Steven Scheirer,Assistant Professor,Susquehanna University,https://www.susqu.edu/profiles/scheirer/
Ameet Soni,Associate Professor,Swarthmore College,https://www.cs.swarthmore.edu/~soni/
Andrew Danner,Professor,Swarthmore College,https://www.cs.swarthmore.edu/~adanner/
Ben Mitchell,Assistant Professor,Swarthmore College,https://www.cs.swarthmore.edu/~mitchell
Charlie Kazer,Lab Instructor,Swarthmore College,https://www.cs.swarthmore.edu/~ckazer
Gabriel Hope,Visiting Assistant Professor,Swarthmore College,https://www.linkedin.com/in/gabriel-hope-87472542/
Joshua Brody,Associate Professor,Swarthmore College,https://www.cs.swarthmore.edu/~brody/
Keith O'Hara,Associate Professor,Swarthmore College,https://drablab.org/keithohara/
Kevin Webb,Associate Professor,Swarthmore College,https://www.cs.swarthmore.edu/~kwebb/
Lila Fontes,Associate Professor,Swarthmore College,https://www.cs.swarthmore.edu/~fontes
Nathaniel Grammel,Visiting Assistant Professor,Swarthmore College,https://www.swarthmore.edu/profile/nathaniel-grammel
Neil Lutz,Visiting Assistant Professor,Swarthmore College,https://neillutz.com/
Ranysha Ware,Assistant Professor,Swarthmore College,https://www.swarthmore.edu/profile/ray-ware
Rich Wicentowski,Professor,Swarthmore College,https://www.cs.swarthmore.edu/~richardw/
Sukrit Venkatagiri,Assistant Professor,Swarthmore College,http://sukritv.com/
Tia Newhall,Professor,Swarthmore College,https://www.cs.swarthmore.edu/~newhall/
Vasanta Chaganti,Associate Professor,Swarthmore College,https://www.cs.swarthmore.edu/~chaganti
Zachary Palmer,Associate Professor,Swarthmore College,https://www.cs.swarthmore.edu/~zpalmer/
Catherine Cavagnaro,Professor,The University of the South,https://new.sewanee.edu/our-faculty-staff/catherine-cavagnaro/
Ross Sowell,Associate Professor,The University of the South,https://new.sewanee.edu/our-faculty-staff/ross-sowell/
Stephen Carl,Associate Professor,The University of the South,https://new.sewanee.edu/our-faculty-staff/stephen-carl/
Marcus Brumfield,Assistant Professor,Tougaloo College,https://www.linkedin.com/in/mbrumfield14/
Bobby England,Professor,Transylvania University,https://www.transy.edu/academics/faculty/rengland/
Kenny Moorman,Professor,Transylvania University,https://www.transy.edu/academics/faculty/kmoorman/
Chandranil Chakraborttii,Assistant Professor,Trinity College,https://internet3.trincoll.edu/facProfiles/Default.aspx?fid=1480870
Ewa Syta,Associate Professor,Trinity College,https://internet3.trincoll.edu/facProfiles/Default.aspx?fid=1480311
Jonathan Johnson,Visiting Lecturer,Trinity College,https://internet3.trincoll.edu/facProfiles/Default.aspx?fid=1480981
Madalene Spezialetti,Associate Professor,Trinity College,https://internet3.trincoll.edu/facProfiles/Default.aspx?fid=1000586
Maminur Islam,Assistant Professor,Trinity College,https://internet3.trincoll.edu/facProfiles/Default.aspx?fid=1480894
Peter A. Yoon,Professor,Trinity College,https://internet3.trincoll.edu/facProfiles/Default.aspx?fid=1015999
Takunari Miyazaki,Associate Professor,Trinity College,https://internet3.trincoll.edu/facProfiles/Default.aspx?fid=1018181
Britton Horn,Assistant Professor,Trinity University,https://www.trinity.edu/directory/bhorn
Eduardo Davalos Anaya,Assistant Professor,Trinity University,https://www.trinity.edu/directory/davalosedu515
Eva Tuba,Assistant Professor,Trinity University,https://www.trinity.edu/directory/etuba
Johanna Jacob,Assistant Professor,Trinity University,https://www.trinity.edu/directory/jjacob1
Matthew Hibbs,Associate Professor,Trinity University,https://www.trinity.edu/directory/mhibbs
Paul Myers,Professor,Trinity University,https://www.trinity.edu/directory/pmyers
Seth Fogarty,Associate Professor,Trinity University,https://www.trinity.edu/directory/sfogarty
Sheng Tan,Associate Professor,Trinity University,https://www.trinity.edu/directory/stan
Yu Zhang,Professor,Trinity University,https://www.trinity.edu/directory/yzhang
Zeyu Chen,Visiting Assistant Professor,Trinity University,https://www.trinity.edu/directory/zchen
Aaron Cass,Associate Professor,Union College (NY),https://www.union.edu/computer-science/faculty-staff/aaron-cass
Arjun Viswanathan,Visiting Assistant Professor,Union College (NY),https://www.union.edu/computer-science/faculty-staff/arjun-viswanathan
Chris Fernandes,Professor,Union College (NY),https://www.union.edu/computer-science/faculty-staff/chris-st-fernandes
Georgia Doing,Visiting Assistant Professor,Union College (NY),https://www.union.edu/computer-science/faculty-staff/georgia-doing
John Rieffel,Professor,Union College (NY),https://www.union.edu/computer-science/faculty-staff/john-rieffel
Kristina Striegnitz,Associate Professor,Union College (NY),https://www.union.edu/computer-science/faculty-staff/kristina-striegnitz
Matt Anderson,Associate Professor,Union College (NY),https://www.union.edu/computer-science/faculty-staff/matthew-anderson
Nick Webb,Associate Professor,Union College (NY),https://www.union.edu/computer-science/faculty-staff/nick-webb
Shruti Mahajan,Assistant Professor,Union College (NY),https://www.union.edu/computer-science/faculty-staff/shruti-mahajan
TJ Schlueter,Visiting Assistant Professor,Union College (NY),https://www.union.edu/computer-science/faculty-staff/tj-schlueter
Andrew Marshall,Associate Professor,University of Mary Washington,https://www.marshallandrew.net/
Evan Coleman,Assistant Professor,University of Mary Washington,http://www.evan-c-coleman.com
Gusty Cooper,Lecturer,University of Mary Washington,http://gusty.bike/
Ian Finlayson,Associate Professor,University of Mary Washington,http://ianfinlayson.net/
Jennifer Polack,Professor,University of Mary Washington,http://www.jenpolack.com/
Jessica Zeitz,Associate Professor,University of Mary Washington,http://www.umw.edu/directory/employee/jessica-self-jzeitz/
Josh Clements,Lecturer,University of Mary Washington,https://www.umw.edu/directory/employee/joshua-clements-jclemen4/
Karen Anewalt,Professor,University of Mary Washington,http://www.umw.edu/directory/employee/karen-anewalt/
Prashant Chandrasekar,Assistant Professor,University of Mary Washington,http://www.umw.edu/directory/employee/prashant-chandrasekar-pchandra/
Stephen Davies,Professor,University of Mary Washington,http://stephendavies.org/
Xin-Wen Wu,Associate Professor,University of Mary Washington,https://xinwenwu.net/
Elena Machkasova,Associate Professor,University of Minnesota Morris,https://morris.umn.edu/directory/elena-machkasova
Kristin Lamberty,Associate Professor,University of Minnesota Morris,https://morris.umn.edu/directory/kristin-lamberty
Nic McPhee,Professor,University of Minnesota Morris,https://morris.umn.edu/directory/nic-mcphee
Peter Dolan,Associate Professor,University of Minnesota Morris,https://morris.umn.edu/directory/peter-dolan
Wenkai Guan,Assistant Professor,University of Minnesota Morris,https://morris.umn.edu/directory/wenkai-guan
Adam Whitley,Assistant Professor,University of North Carolina Asheville,https://go.unca.edu/faculty/adam-whitley-ph-d/
Farzana Rashid,Assistant Professor,University of North Carolina Asheville,https://go.unca.edu/faculty/farzana-rashid-ph-d/
Kenneth Bogert,Associate Professor,University of North Carolina Asheville,https://go.unca.edu/faculty/kenneth-bogert-ph-d/
Kevin Sanft,Professor,University of North Carolina Asheville,https://go.unca.edu/faculty/kevin-sanft-ph-d/
Marietta Cameron,Professor,University of North Carolina Asheville,https://go.unca.edu/faculty/marietta-cameron-ph-d/
Michael Sarris,Lecturer,University of North Carolina Asheville,https://go.unca.edu/faculty/michael-sarris/
Sarah Van Wart,Assistant Professor,University of North Carolina Asheville,https://vanwars.github.io/
Adam Smith,Associate Professor,University of Puget Sound,https://www.pugetsound.edu/directory/adam-smith
Alison Paradise,Instructor,University of Puget Sound,https://www.pugetsound.edu/directory/alison-paradise
America Chambers,Associate Professor,University of Puget Sound,https://www.pugetsound.edu/directory/america-chambers
Cynthia Gibson,Visiting Assistant Professor,University of Puget Sound,https://www.pugetsound.edu/directory/cynthia-gibson
David Chiu,Professor,University of Puget Sound,https://www.pugetsound.edu/directory/david-chiu
Jake Price,Associate Professor,University of Puget Sound,https://www.pugetsound.edu/directory/jake-price
Maddie Weinstein,Associate Professor,University of Puget Sound,https://www.pugetsound.edu/directory/maddie-weinstein
Marissa Masden,Assistant Professor,University of Puget Sound,https://www.pugetsound.edu/directory/marissa-masden
Sara Johnson,Visiting Assistant Professor,University of Puget Sound,https://www.pugetsound.edu/directory/sara-johnson-0
Sunita Chepuri,Associate Professor,University of Puget Sound,https://www.pugetsound.edu/directory/sunita-chepuri
Arthur Charlesworth,Professor,University of Richmond,https://cs.richmond.edu/faculty/acharles/
Barry Lawson,Professor,University of Richmond,https://cs.richmond.edu/faculty/blawson/
Catherine Finegan-Dollak,Assistant Professor,University of Richmond,https://cs.richmond.edu/faculty/cfinegan/
Douglas Szajda,Associate Professor,University of Richmond,https://cs.richmond.edu/faculty/dszajda/
Joonsuk Park,Associate Professor,University of Richmond,https://cs.richmond.edu/faculty/jpark/
M Charity,Assistant Professor,University of Richmond,https://cs.richmond.edu/faculty/mcharit2/
Mmachi Obiorah,Assistant Professor,University of Richmond,https://cs.richmond.edu/faculty/mobiorah/
Patrick Martin,Assistant Professor,University of Richmond,https://cs.richmond.edu/faculty/pmartin2/
Prateek Bhakta,Associate Professor,University of Richmond,https://cs.richmond.edu/faculty/pbhakta/
Shweta Ware,Associate Professor,University of Richmond,https://cs.richmond.edu/faculty/sware/
Volkan Bakirdan,Adjunct Instructor,University of Richmond,https://cs.richmond.edu/faculty/vbakirda/
William F. Prior,Adjunct Instructor,University of Richmond,https://cs.richmond.edu/faculty/wprior/
Yucong Jiang,Associate Professor,University of Richmond,https://cs.richmond.edu/faculty/yjiang3/
C Karen,Associate Professor,University of Virginia--Wise,https://www.uvawise.edu/directory/karen-carter
E Alex,Adjunct Instructor,University of Virginia--Wise,http://www.mcs.uvawise.edu/cae/
F David,Senior Instructor,University of Virginia--Wise,https://www.uvawise.edu/directory/david-frazier
H Robert,Associate Professor,University of Virginia--Wise,https://www.uvawise.edu/directory/robert-hatch
L Shilpa,Assistant Professor,University of Virginia--Wise,https://www.uvawise.edu/directory/shilpa-lakhanpal
S Jacob,Professor,University of Virginia--Wise,https://www.uvawise.edu/directory/jacob-somervell
Christopher Sadowski,Associate Professor,Ursinus College,https://www.ursinus.edu/live/profiles/650-christopher-sadowski
David Henry,Instructor,Ursinus College,https://www.ursinus.edu/live/profiles/7357-david-henry
Eric Mawuena Takyi,Assistant Professor,Ursinus College,https://www.ursinus.edu/live/profiles/5935-eric-takyi
Hugo Moises Montesinos-Yufa,Associate Professor,Ursinus College,https://www.ursinus.edu/live/profiles/4791-hugo-montesinos-yufa
Leslie New,Associate Professor,Ursinus College,https://www.ursinus.edu/live/profiles/5902-leslie-new
Lisa A. Grossbauer,Assistant Professor,Ursinus College,https://www.ursinus.edu/live/profiles/629-lisa-grossbauer
Nicholas Scoville,Professor,Ursinus College,https://www.ursinus.edu/live/profiles/132-nicholas-scoville
Olena Kozhushkina,Associate Professor,Ursinus College,https://www.ursinus.edu/live/profiles/2451-olena-kozhushkina
Susan Adam,Instructor,Ursinus College,https://www.ursinus.edu/live/profiles/2106-susan-adam
William Mongan,Associate Professor,Ursinus College,https://www.ursinus.edu/live/profiles/5313-william-mongan
Anna Gommerstadt,Assistant Professor,Vassar College,https://www.vassar.edu/faculty/hgommerstadt
Heather Newman,Assistant Professor,Vassar College,https://www.vassar.edu/faculty/hnewman
Jacob Erickson,Visiting Assistant Professor,Vassar College,https://www.vassar.edu/faculty/jerickson
Jason Waterman,Associate Professor,Vassar College,https://www.vassar.edu/faculty/jawaterman
Jonathan Gordon,Assistant Professor,Vassar College,https://www.vassar.edu/faculty/jgordon
Logan Stapleton,Assistant Professor,Vassar College,https://www.vassar.edu/faculty/lstapleton
Luke Hunsberger,Professor,Vassar College,https://www.vassar.edu/faculty/hunsberger
Marc L. Smith,Professor,Vassar College,https://www.vassar.edu/faculty/mlsmith
Peter Lemieszewski,Visiting Assistant Professor,Vassar College,https://www.vassar.edu/faculty/pelemieszewski
Rui Manuel Pacheco Meireles,Associate Professor,Vassar College,https://www.vassar.edu/faculty/rpachecomeireles
Abdullah Al-Alaj,Assistant Professor,Virginia Wesleyan University,https://www.vwu.edu/academics/majors/computer-science/meet-the-faculty.php?person=0725253
Zizhong J. Wang,Professor,Virginia Wesleyan University,https://www.vwu.edu/academics/majors/computer-science/meet-the-faculty.php?person=0161619
Alison Rosenblum,Visiting Assistant Professor,Wabash College,https://sites.google.com/view/alisonrosenblummath/home
Chad Westphal,Professor,Wabash College,https://www.wabash.edu/academics/computer_science/
Colin McKinney,Associate Professor,Wabash College,https://www.wabash.edu/academics/computer_science/
Katie Ansaldi,Associate Professor,Wabash College,https://www.wabash.edu/academics/computer_science/
Qixin Deng,Assistant Professor,Wabash College,https://www.wabash.edu/academics/computer_science/
Ryeongkyung Yoon,Assistant Professor,Wabash College,https://www.wabash.edu/academics/computer_science/
Timur Akhunov,Assistant Professor,Wabash College,https://www.wabash.edu/academics/computer_science/
William J. Turner,Associate Professor,Wabash College,http://persweb.wabash.edu/facstaff/turnerw/
Jim Jacobs,Assistant Professor,Wartburg College,https://www.wartburg.edu/people/jim-jacobs/
Terry Letsche,Associate Professor,Wartburg College,https://www.wartburg.edu/people/terry-letsche/
Amanda Holland-Minkley,Professor,Washington & Jefferson College,https://www.washjeff.edu/person/amanda-holland-minkley-ph-d/
Charles Hannon,Professor,Washington & Jefferson College,https://www.washjeff.edu/person/charles-t-hannon-ph-d/
John Ladd,Assistant Professor,Washington & Jefferson College,https://www.washjeff.edu/person/john-ladd/
Rebecca Rapp,Assistant Professor,Washington & Jefferson College,https://www.washjeff.edu/person/rebecca-rapp/
Elizabeth Matthews,Associate Professor,Washington and Lee University,https://www.wlu.edu/profile/matthews-elizabeth
Kefu Lu,Associate Professor,Washington and Lee University,https://sites.google.com/view/kefulu
Nicholas Gardella,Assistant Professor,Washington and Lee University,https://www.wlu.edu/profile/gardella-nicholas
Sara Sprenkle,Associate Professor,Washington and Lee University,https://www.wlu.edu/profile/sprenkle-sara
Simon Levy,Professor,Washington and Lee University,https://simondlevy.academic.wlu.edu/
Trevor Stalnaker,Assistant Professor,Washington and Lee University,https://www.wlu.edu/profile/stalnaker-trevor
Austin Lobo,Associate Professor,Washington College,https://www.washcoll.edu/people_departments/faculty/alobo2.php
Heather Switzer,Assistant Professor,Washington College,https://www.washcoll.edu/people_departments/faculty/hswitzer2.php
Shaun Ramsey,Professor,Washington College,https://www.washcoll.edu/people_departments/faculty/sramsey2.php
Alexa VanHattum,Assistant Professor,Wellesley College,https://www.wellesley.edu/people/alexa-vanhattum
Brian Brubach,Assistant Professor,Wellesley College,https://www.wellesley.edu/people/brian-brubach
Brian Tjaden,Professor,Wellesley College,https://www.wellesley.edu/people/brian-tjaden
Carolyn Anderson,Assistant Professor,Wellesley College,https://www.wellesley.edu/people/carolyn-anderson
Catherine Grevet Delcourt,Associate Professor,Wellesley College,https://www.wellesley.edu/people/catherine-grevet-delcourt
Christine Bassem,Associate Professor,Wellesley College,https://www.wellesley.edu/people/christin-bassem
Eni Mustafaraj,Associate Professor,Wellesley College,https://www.wellesley.edu/people/eni-mustafaraj
Franklyn Turbak,Associate Professor,Wellesley College,https://www.wellesley.edu/people/franklyn-turbak
Jordan Tynes,Assistant Teaching Professor,Wellesley College,https://www.wellesley.edu/people/jordan-tynes
Orit Shaer,Associate Professor,Wellesley College,https://www.wellesley.edu/people/orit-shaer
Panagiotis Metaxas,Professor,Wellesley College,https://www.wellesley.edu/people/panagiotis-metaxas
Peter Mawhorter,Associate Teaching Professor,Wellesley College,https://www.wellesley.edu/people/peter-mawhorter
Sara Melnick,Assistant Teaching Professor,Wellesley College,https://www.wellesley.edu/people/sara-melnick
Scott Anderson,Associate Teaching Professor,Wellesley College,https://www.wellesley.edu/people/scott-anderson
Smaranda Sandu,Assistant Teaching Professor,Wellesley College,https://www.wellesley.edu/people/ana-smaranda-sandu
Stella Kakavouli,Teaching Professor,Wellesley College,https://www.wellesley.edu/people/stella-kakavouli
Vinitha Gadiraju,Assistant Professor,Wellesley College,https://www.wellesley.edu/people/vinitha-gadiraju
Yaniv Yacoby,Assistant Professor,Wellesley College,https://www.wellesley.edu/people/yaniv-yacoby
Dan Licata,Associate Professor,Wesleyan University,https://dlicata.wescreates.wesleyan.edu
Daniel Krizanc,Professor,Wesleyan University,http://dkrizanc.web.wesleyan.edu
James Lipton,Professor,Wesleyan University,http://jlipton.web.wesleyan.edu
Norman Danner,Professor,Wesleyan University,https://ndanner-wesleyancs.gitlab.io/website
Sebastian Zimmeck,Associate Professor,Wesleyan University,https://sebastianzimmeck.de/
Sonia Roberts,Assistant Professor,Wesleyan University,http://www.soniarobots.com
Victoria Ursula Manfredi,Associate Professor,Wesleyan University,https://victoriamanfredi.com
Wai Kiu Chan,Professor,Wesleyan University,https://wkchan.faculty.wesleyan.edu/
Yuxuan Mei,Assistant Professor,Wesleyan University,https://ymei.wescreates.wesleyan.edu/
Heather Muchowski,Assistant Professor,Westminster College (PA),https://www.westminster.edu/profile.cfm?muchowh
John P. Bonomo,Professor,Westminster College (PA),https://www.westminster.edu/profile.cfm?bonomojp
Natacha Fontes Merz,Associate Professor,Westminster College (PA),https://www.westminster.edu/profile.cfm?fontesnc
Devin Pohly,Senior Lecturer,Wheaton College (IL),https://www.wheaton.edu/academics/faculty/devin-pohly/
Hyunju Kim,Associate Professor,Wheaton College (IL),https://www.wheaton.edu/academics/faculty/hyunju-kim/
Thomas VanDrunen,Professor,Wheaton College (IL),https://www.wheaton.edu/academics/faculty/thomas-vandrunen/
Mark D. LeBlanc,Professor,Wheaton College (MA),https://departments.wheatoncollege.edu/faculty/mark-d-leblanc/
Michael B. Gousie,Professor,Wheaton College (MA),https://departments.wheatoncollege.edu/faculty/michael-b-gousie/
Nicholas Almeder,Visiting Instructor,Wheaton College (MA),https://departments.wheatoncollege.edu/faculty/nicholas-almeder/
Tony Tong,Assistant Professor,Wheaton College (MA),https://departments.wheatoncollege.edu/faculty/tong-zhou/
Janet Davis,Professor,Whitman College,https://www.whitman.edu/academics/majors-and-programs/computer-science/faculty-and-staff/janet-davis
John Stratton,Associate Professor,Whitman College,https://www.whitman.edu/academics/majors-and-programs/computer-science/faculty-and-staff/john-stratton
Jordan Wirfs-Brock,Assistant Professor,Whitman College,https://www.whitman.edu/academics/majors-and-programs/computer-science/faculty-and-staff/jordan-wirfs-brock
Richard Torres Molina,Visiting Instructor,Whitman College,https://www.whitman.edu/academics/majors-and-programs/computer-science/faculty-and-staff/richard-torres-molina
Sachintha Pitigala,Visiting Assistant Professor,Whitman College,https://www.whitman.edu/academics/majors-and-programs/computer-science/faculty-and-staff/sachintha-pitigala
William Bares,Associate Professor,Whitman College,https://www.whitman.edu/academics/majors-and-programs/computer-science/faculty-and-staff/william-bares
Calvin K Deutschbein,Assistant Professor,Willamette University,https://my.willamette.edu/people/ckdeutschbein
Fred Agbo,Assistant Professor,Willamette University,https://my.willamette.edu/people/fjagbo
Haiyan Cheng,Professor,Willamette University,https://my.willamette.edu/people/hcheng
Heather Kitada Smalley,Associate Professor,Willamette University,https://my.willamette.edu/people/hsmalley
Hendrik Orem,Assistant Professor,Willamette University,https://my.willamette.edu/people/horem
Jed Rembold,Associate Professor,Willamette University,https://my.willamette.edu/people/jjrembold
Kristen Gore,Assistant Professor,Willamette University,https://my.willamette.edu/people/kgore
Lucas P Cordova,Assistant Professor,Willamette University,https://my.willamette.edu/people/lpcordova
Rachel A Brown,Assistant Professor,Willamette University,https://my.willamette.edu/people/rabrown3
Zechariah D Meunier,Assistant Professor,Willamette University,https://my.willamette.edu/people/zdmeunier
Aaron Williams,Associate Professor,Williams College,https://sites.google.com/williams.edu/aaron
Daniel Barowy,Associate Professor,Williams College,http://cs.williams.edu/~dbarowy/
James Bern,Assistant Professor,Williams College,https://james-bern.github.io/
Jeannie Albrecht,Professor,Williams College,http://cs.williams.edu/~jeannie/
Katie Keith,Assistant Professor,Williams College,https://kakeith.github.io/
Kelly Shaw,Professor,Williams College,http://cs.williams.edu/~kshaw/
Lucas Rosenblatt,Assistant Professor,Williams College,https://lucasrosenblatt.com/
Mark Hopkins,Associate Professor,Williams College,http://markandrewhopkins.com
Nate Chambers,Associate Professor,Williams College,https://hub.williams.edu/csci/people/faculty/nate-chambers/
Rohit Bhattacharya,Assistant Professor,Williams College,https://rohit-bhattacharya.com/
Samuel McCauley,Associate Professor,Williams College,https://www.cs.williams.edu/~sam/
Shikha Singh,Associate Professor,Williams College,https://www.cs.williams.edu/~shikha/
Stephen N. Freund,Professor,Williams College,http://cs.williams.edu/~freund/
William Jannen,Associate Professor,Williams College,http://www.cs.williams.edu/~jannen/
Sunday Ngwobia,Assistant Professor,Wittenberg University,https://www.wittenberg.edu/academics/computerscience/sunday-ngwobia-phd
Theresa Wilson,Professor of Practice,Wittenberg University,https://www.wittenberg.edu/academics/computerscience/theresa-wilson-phd
Aaron L. Garrett,Associate Professor,Wofford College,https://www.wofford.edu/academics/majors-and-programs/computer-science/faculty-and-staff#GarrettAaron
Beau M. Christ,Associate Professor,Wofford College,https://www.wofford.edu/academics/majors-and-programs/computer-science/faculty-and-staff#ChristBeau
Nicole Tobias,Assistant Professor,Wofford College,https://www.linkedin.com/in/nicole-tobias-click/
